policy_step,action_l2_true_minus_false,false_adjacent_action_l2,true_adjacent_action_l2,false_tracking_error,true_tracking_error,false_surface_distance_m,true_surface_distance_m,false_alignment_error_m,true_alignment_error_m,false_coin_z_delta_m,true_coin_z_delta_m
1,0.03803278411651221,,,0.01501777395606041,0.011330608278512955,0.1314605821797475,0.1323794199892658,0.14520768539062576,0.1460820800249486,5.960464477539063e-08,5.960464477539063e-08
2,0.08084073577967092,0.07877971387658038,0.034825803035722885,0.011377431452274323,0.005729936063289642,0.12614792388055973,0.12961091940753047,0.1417611349533568,0.14441284616128477,5.960464477539063e-08,5.960464477539063e-08
3,0.08534956904798155,0.12040088610525745,0.11576882668322036,0.016887277364730835,0.01446273922920227,0.11831936790284654,0.12407071331947697,0.13651256777794402,0.14137253019176954,1.1920928955078125e-07,1.1920928955078125e-07
4,0.13072943884623237,0.1586420951241734,0.1133338195998122,0.020824342966079712,0.015191808342933655,0.11153475220491972,0.11864908785810865,0.1320170708477309,0.1383970453735362,5.960464477539063e-08,5.960464477539063e-08
5,0.24651947349981174,0.2650355669391824,0.14713442770546734,0.03560909628868103,0.019368037581443787,0.10641708371519527,0.1135555224207106,0.12811962617625067,0.13514216210759536,1.1920928955078125e-07,1.1920928955078125e-07
6,0.30011476313774005,0.2194204656114194,0.16464578130841673,0.029614925384521484,0.022023320198059082,0.10046300604801811,0.10782266644919232,0.1212814154135338,0.13066661802802734,-5.960464477539063e-08,-5.960464477539063e-08
7,0.41291141190299424,0.30160323498274166,0.1877418662991131,0.04548037052154541,0.02540665864944458,0.09739037330046885,0.103142295006299,0.11593506798477128,0.12586822714147541,1.1920928955078125e-07,1.1920928955078125e-07
8,0.54862965470412,0.3521432471229651,0.2149575190714869,0.069252610206604,0.02897930145263672,0.0952432591848452,0.09890660473016041,0.11032929596171774,0.11995382754202097,1.1920928955078125e-07,1.1920928955078125e-07
9,0.6406729432842001,0.3046862099126524,0.21044119864837935,0.07280683517456055,0.028798818588256836,0.09016093649142652,0.09544403705808699,0.09702395634929109,0.1134811671270795,-5.960464477539063e-08,-5.960464477539063e-08
10,0.580774994883121,0.18473955042797865,0.23987398372134025,0.03134047985076904,0.03305232524871826,0.08103167477835638,0.09208947910939538,0.08637396225171419,0.10492842251064076,1.1920928955078125e-07,1.1920928955078125e-07
11,0.6765648196120091,0.3623464295166214,0.26320296571586205,0.08462488651275635,0.03819715976715088,0.0756238647443092,0.08853790270239924,0.07828179901464245,0.0957157972161264,1.1920928955078125e-07,1.1920928955078125e-07
12,0.5936255309524001,0.1764033252438943,0.2531387479187325,0.04220986366271973,0.03789043426513672,0.0517860871949406,0.08085930205728506,0.05550041449509385,0.08462495925574894,1.1920928955078125e-07,1.1920928955078125e-07
13,0.566697726863464,0.21880689676848467,0.24382248906605505,0.03260040283203125,0.03584599494934082,0.03812942757400289,0.06623566853041596,0.03922044459939848,0.07232684752137906,5.960464477539063e-08,5.960464477539063e-08
14,0.5084653431728611,0.15783782771228375,0.2082534547003552,0.02208733558654785,0.03164362907409668,0.03445283831347449,0.05363183242849036,0.02977456143420946,0.06081133131313731,5.960464477539063e-08,5.960464477539063e-08
15,0.378810162846719,0.04692573411175822,0.16951842769132316,0.008319973945617676,0.02652883529663086,0.03257205743327641,0.04364808517081152,0.024955874054714014,0.04979141182183187,5.960464477539063e-08,5.960464477539063e-08
16,0.36961803447904884,0.13613018001611896,0.13581351842089387,0.024149775505065918,0.02184736728668213,0.035720266611987385,0.037551720483993946,0.01791245264048516,0.04074298898315541,1.1920928955078125e-07,1.1920928955078125e-07
17,0.3335540591049915,0.0794144502428176,0.10701661596812845,0.012144327163696289,0.01641225814819336,0.03658633046805057,0.03505198071515531,0.012329259432112915,0.03419142690284246,1.1920928955078125e-07,1.1920928955078125e-07
18,0.33272593047195675,0.12042100783221135,0.08992475999286108,0.009831547737121582,0.012273073196411133,0.03606859670679324,0.03432359780677485,0.010908527763632695,0.030276841706553013,-5.960464477539063e-08,-5.960464477539063e-08
19,0.29495168026735435,0.04481773638584179,0.08565541652002222,0.0035331249237060547,0.009217500686645508,0.03333038629682989,0.032658703712684985,0.011571898940644264,0.028260531927889986,1.1920928955078125e-07,1.1920928955078125e-07
20,0.2848554927827275,0.0962486285812107,0.07943729023793171,0.005214571952819824,0.0065735578536987305,0.028492816437407167,0.031101565153499964,0.015597153525807584,0.028504902640213877,5.960464477539063e-08,5.960464477539063e-08
21,0.30083007669287093,0.12287247323361433,0.07971169870909675,0.008005142211914062,0.005232024937868118,0.02284869297970639,0.028902506441708484,0.014332006984752026,0.029226680448815583,1.1920928955078125e-07,1.1920928955078125e-07
22,0.3108588032754044,0.09635040996957443,0.07420994384783886,0.007566630840301514,0.005633227527141571,0.01905118922526079,0.026805613122288963,0.013257901389863188,0.02980023708632747,1.1920928955078125e-07,1.1920928955078125e-07
23,0.2743459659075763,0.04693952893008047,0.06680929579826995,0.006235936656594276,0.005668135359883308,0.015347614098013345,0.024590142591970607,0.015000217527688315,0.030523401785449905,5.960464477539063e-08,5.960464477539063e-08
24,0.2848563217314418,0.07717487716558113,0.06380197949329482,0.006965768523514271,0.005611291155219078,0.01089446147509607,0.022084065384077076,0.01567165329322234,0.0313256850502897,1.1920928955078125e-07,1.1920928955078125e-07
25,0.3084988731780025,0.08748443443912356,0.06323324924827901,0.007364590652287006,0.005546027794480324,0.009664262139358957,0.019917753152637586,0.014103243672963183,0.03179820234388964,1.1920928955078125e-07,1.1920928955078125e-07
26,0.3046455495046739,0.07294695299255195,0.056400299250733296,0.006798174697905779,0.005261127837002277,0.00419114509976098,0.018436814062820068,0.009720192794728865,0.0324572322850222,-5.960464477539063e-08,-5.960464477539063e-08
27,0.290413460993722,0.03295365896390658,0.048292599446296144,0.010680317878723145,0.0048115067183971405,0.0035485598179957386,0.017406281360137173,0.010868173416346254,0.03322463570969879,1.1920928955078125e-07,1.1920928955078125e-07
28,0.31316023184556996,0.09090163875129195,0.040910579458702474,0.010232636705040932,0.004287451505661011,0.002865798523531986,0.016480744217240287,0.007465676357137002,0.033781581926487,1.1920928955078125e-07,1.1920928955078125e-07
29,0.27297367953695656,0.05321782798920696,0.03794176624408767,0.010938419494777918,0.003870646469295025,0.002916932240981358,0.01580130091374508,0.008587654862778175,0.03426049218185631,1.1920928955078125e-07,1.1920928955078125e-07
30,0.3018097781527481,0.06779066378154938,0.03397053659908764,0.010470494395121932,0.003471001982688904,0.0023428624235874327,0.015870310965816977,0.006272064681860754,0.034938654294297364,1.1920928955078125e-07,1.1920928955078125e-07
31,0.29236906612426056,0.029630909298136995,0.030372755683483837,0.01075777830556035,0.0031058902386575937,0.002078273445144549,0.01627588495186853,0.006117674477466013,0.035613532614506796,5.960464477539063e-08,5.960464477539063e-08
32,0.28315015315128633,0.027187748825452145,0.025265865579569002,0.010266644676448777,0.002710171858780086,0.0021655566134469386,0.01694384782410925,0.005258896376004839,0.036402528935123725,1.1920928955078125e-07,1.1920928955078125e-07
33,0.29260403950222036,0.056866246047144395,0.02202537334913053,0.011043884500395507,0.0023178666015155613,0.002206955936720555,0.01781314995195257,0.005304015226276127,0.037294334186082835,1.1920928955078125e-07,1.1920928955078125e-07
34,0.3009531011226374,0.04877216197614622,0.020776692849439088,0.010746435029432178,0.0019998156640212983,5.532184293123729e-05,0.018562424899111658,0.00838328651119568,0.03805536790261368,1.4424324035644531e-05,1.1920928955078125e-07
35,0.309470610930271,0.03155980226277925,0.017280759319646403,0.010498302057385445,0.001977205276489258,1.5081974324815398e-05,0.019444024083899617,0.006879855038000496,0.038900179104232546,0.00026357173919677734,0.0
36,0.30924527267173646,0.02960123274129097,0.019769683557564317,0.010355191770941019,0.0023584365844726562,0.00021596454142403974,0.020509758582047326,0.00871542389356618,0.03989064291750323,0.0002110600471496582,1.1920928955078125e-07
37,0.31987207121969985,0.0569388387944735,0.019818867294549906,0.010169564047828317,0.0025652647018432617,0.0004909872830345177,0.021892912947926477,0.009422643402617774,0.041296846570548114,0.0007528066635131836,1.1920928955078125e-07
38,0.3297603274296702,0.0215297512068454,0.024645596746447805,0.010210754116997123,0.0033667709212750196,0.00026460849214844255,0.023922633391267312,0.010474495700522656,0.04334501096968465,0.002176225185394287,0.0
39,0.3343488881989807,0.032543973440059354,0.023300306844259013,0.010020827990956604,0.00438153650611639,0.00010143406718825743,0.026540161443854834,0.016309827787035953,0.04601179602671518,0.003068983554840088,0.0
40,0.3575732044920971,0.07171725231243264,0.022199556609449098,0.009999999776482582,0.005327756516635418,0.0016943820296387469,0.029200071342545975,0.019648392187954253,0.04866830023377236,0.0032524466514587402,1.1920928955078125e-07
41,0.3476865359814441,0.04734859106582738,0.017275030669795476,0.009999999776482582,0.005932982545346022,0.006315446212304503,0.03193290484627819,0.023379469012980283,0.05138094939037172,0.00308072566986084,-5.960464477539063e-08
42,0.36021007102752656,0.042676802844630886,0.020747027057723126,0.009999999776482582,0.006634901277720928,0.007302323896975399,0.03507096707928254,0.023532795166094793,0.054493820359965604,0.0023460984230041504,1.1920928955078125e-07
43,0.38206938450825123,0.044823917467930706,0.020374165434889024,0.009999999776482582,0.00718420185148716,0.012322947984066919,0.03845378626099465,0.029696984599445166,0.057827735226858905,0.002630770206451416,1.1920928955078125e-07
44,0.3829450687708573,0.038547659568298705,0.02141538966851752,0.009999999776482582,0.007550580892711878,0.018996404652831672,0.04232292011848762,0.035819532194962686,0.06162688532018904,0.0027468204498291016,5.960464477539063e-08
45,0.4014763998193382,0.04322479744690887,0.023995477088462096,0.009999999776482582,0.007861671037971973,0.012574466870719824,0.04629177808980466,0.029843118149016697,0.06550579130584731,0.003343343734741211,5.960464477539063e-08
46,0.4287529255041313,0.04953146223376808,0.02877705970783547,0.009999999776482582,0.008117974735796452,0.021412601682929067,0.05096254193161848,0.038230698297345336,0.07006003798399109,0.0032331347465515137,0.0
47,0.472809528382321,0.06506466447109648,0.03455577936802884,0.009999999776482582,0.00827142782509327,0.028037227083325,0.05624450721741877,0.04576155463181025,0.07520325714426869,0.0036034584045410156,1.1920928955078125e-07
48,0.48513348381820903,0.040186262646803375,0.03660272820879362,0.009999999776482582,0.008350278250873089,0.02387749741424253,0.061663227343314676,0.04135207351384271,0.08048254553636873,0.004516005516052246,5.960464477539063e-08
49,0.5196466366834692,0.0401296001062594,0.04457153176457855,0.009999999776482582,0.008383103646337986,0.029974733245001356,0.06815887197234076,0.047354924744727314,0.08681405153593559,0.004743397235870361,1.1920928955078125e-07
50,0.5570784725262626,0.03687650673564562,0.0472548434689284,0.009999999776482582,0.008388325572013855,0.03061738124518682,0.0752795279622419,0.04797463556934977,0.0937846118444446,0.00542372465133667,-5.960464477539063e-08
51,0.5959403210501026,0.318680694809041,0.06758643843581906,0.028281819075345993,0.010113239288330078,0.05282961038678612,0.08524753196559111,0.06513775382017105,0.10362324004585184,0.007430434226989746,1.1920928955078125e-07
52,0.6473513958461283,0.025049180974445064,0.07662305541035129,0.030121587216854095,0.011467695236206055,0.043099014289794096,0.09637463960290257,0.0603675035749258,0.11461149188307695,0.009273827075958252,1.1920928955078125e-07
53,0.6918174912590848,0.051511105608962604,0.08972439677203738,0.027626346796751022,0.012526512145996094,0.041198661591530926,0.10928498777622639,0.05825341857584579,0.1273373375677986,0.00862663984298706,1.7881393432617188e-07
54,0.7626112835035589,0.03359431968862146,0.09814692002486211,0.02207670360803604,0.014286220073699951,0.038657477869023765,0.12364443781965231,0.0553800999871264,0.14145971763768092,0.008582890033721924,1.1920928955078125e-07
55,0.838630915942008,0.05395306968928365,0.11561409744843838,0.02412913739681244,0.017219603061676025,0.03668498373493409,0.14003227596891693,0.05263967297533626,0.15759705891608278,0.010535001754760742,5.960464477539063e-08
56,0.9634194530982533,0.024905910660021516,0.13419749418332053,0.02038094401359558,0.020651578903198242,0.05471495139685107,0.15839067560841213,0.07243516167967579,0.1757047654663876,-0.0011584758758544922,0.0
57,1.0681350083616274,0.06422350168049765,0.16127983338644677,0.020751234143972397,0.02537292242050171,0.0615209980072888,0.17908286446990304,0.07973039371269834,0.19623979746962453,-0.0009799003601074219,1.7881393432617188e-07
58,1.2369577719793337,0.02011522242071598,0.17846811726577277,0.020571473985910416,0.028668522834777832,0.06874436206006389,0.20032706781356263,0.08751044475614102,0.21759151336057123,-0.0018138289451599121,0.0
59,1.3849206540004473,0.062029704336831526,0.19710474747368303,0.015360802412033081,0.03194695711135864,0.0722686126576758,0.22230034007304125,0.09107537385638187,0.23968923642701037,-0.002886176109313965,1.1920928955078125e-07
60,1.5671848974514742,0.033358117762228565,0.1933673993946409,0.014652285724878311,0.0319889634847641,0.07868762549104247,0.24224731748015674,0.09487776598026616,0.25975359010796006,-0.00975733995437622,1.1920928955078125e-07
61,1.7323215946936652,0.03298726485625813,0.19278779285329106,0.01675448939204216,0.03174767270684242,0.08486705601424409,0.26033017898516275,0.09896099022485089,0.2779817019012073,-0.013257622718811035,-5.960464477539063e-08
62,1.8703426133762076,0.05333228158994145,0.17275909663953257,0.020557522773742676,0.02880966290831566,0.08199242980035273,0.2753321745076749,0.09565294526728156,0.293230577120174,-0.013257622718811035,1.1920928955078125e-07
63,2.0449769548938384,0.0376673080301261,0.1596175541993479,0.014513753354549408,0.02646137773990631,0.08125631335500362,0.2877591904398202,0.09497151646994019,0.30598045088757847,-0.013257622718811035,1.1920928955078125e-07
64,2.1188433686352846,0.07093974930654337,0.14008462095725913,0.01827748492360115,0.0233231782913208,0.07942886138340627,0.2977486362814086,0.0928400717139143,0.31621291471110996,-0.013257622718811035,1.1920928955078125e-07
65,2.2208743575744716,0.02654422268941243,0.11908886837667586,0.020852774381637573,0.019723474979400635,0.07708990450326539,0.3053458654582745,0.0907299965411029,0.32398556925012506,-0.013257622718811035,1.1920928955078125e-07
66,2.3343395060127454,0.030111397215291786,0.1026098937612831,0.009999999776482582,0.017076581716537476,0.07661130771918148,0.31127614534818254,0.09012433570864177,0.3300352980995341,-0.013257622718811035,5.960464477539063e-08
67,2.369230474057995,0.05215011819711658,0.08229891999157646,0.010400872677564621,0.013936340808868408,0.07517321228216763,0.31566829725378887,0.087898260184165,0.33450289412542766,-0.013257622718811035,5.960464477539063e-08
68,2.408255190792515,0.042766525974776794,0.0641468053750292,0.014082100242376328,0.011052817106246948,0.07584057377334752,0.3188028333321316,0.08864941298108886,0.33768641847303305,-0.013257622718811035,1.1920928955078125e-07
69,2.4140417632406828,0.06488273723867957,0.04872914337497791,0.009999999776482582,0.009974025189876556,0.07504992455373664,0.32123558085785403,0.08742701194724772,0.340146119950008,-0.013257622718811035,1.1920928955078125e-07
70,2.4246596573905426,0.03758877356790154,0.044488119741124356,0.009999999776482582,0.0098943579941988,0.07364860446372853,0.3230460837631293,0.08591713151827,0.34197383355159444,-0.013257622718811035,-5.960464477539063e-08
71,2.464866557132682,0.03699386810321965,0.03747957035912476,0.009999999776482582,0.009999999776482582,0.07790435414483944,0.32476272500431574,0.08956941841263732,0.3436995345595661,-0.013257622718811035,1.1920928955078125e-07
72,2.452700805261549,0.04788250965203048,0.03264203628607764,0.009999999776482582,0.009999999776482582,0.07743450111584443,0.32605665725454497,0.08912966738800204,0.3449986228817948,-0.013257622718811035,0.0
73,2.450728456656748,0.042992827489660344,0.03272452358276223,0.009999999776482582,0.009999999776482582,0.07792741299853534,0.3272258690709193,0.08974186050332401,0.34617041091371203,-0.013257622718811035,5.960464477539063e-08
74,2.411429910233179,0.07357807656082584,0.03335346617734542,0.009999999776482582,0.009999999776482582,0.08085462742468223,0.32822084939110663,0.0931359788487815,0.3471664451739915,-0.013257622718811035,1.1920928955078125e-07
75,2.425614843616956,0.025316866982462535,0.03085640106493905,0.009999999776482582,0.009999999776482582,0.08036482974582489,0.32879721572454035,0.09270827118948921,0.3477431786830804,-0.013257622718811035,1.1920928955078125e-07
76,2.4453570419389226,0.025145887519916393,0.03374370323189164,0.009999999776482582,0.009999999776482582,0.08648509848899821,0.32921591501198855,0.09852958515168038,0.34816101381138415,-0.013257622718811035,-5.960464477539063e-08
77,2.345411624164682,0.11772990091071169,0.0422366223717564,0.013671875,0.009999999776482582,0.08760505644191663,0.32966315711548116,0.10112890059496844,0.34860827200618727,-0.013257622718811035,1.1920928955078125e-07
78,2.2835473665748105,0.06666258329758148,0.04759709884046508,0.010904431343078613,0.009999999776482582,0.09214415835404212,0.3299566424586939,0.10636302366983917,0.3489012070232302,-0.013257622718811035,1.7881393432617188e-07
79,2.248315236253565,0.0410252481348424,0.04879796644787144,0.008080190978944302,0.009999999776482582,0.09469768890657167,0.3301835604121297,0.10942802643793978,0.3491291029481494,-0.013257622718811035,0.0
80,2.1028452332326033,0.158907680073964,0.05247296765161132,0.019424498081207275,0.009999999776482582,0.1086615859556221,0.33045260490028616,0.12424957851210135,0.3493970533858093,-0.013257622718811035,1.1920928955078125e-07
81,2.039550949561114,0.07014973799325082,0.057734200839636186,0.011778116226196289,0.009999999776482582,0.1162869197374813,0.3306917955116706,0.1322635574176061,0.3496333104783405,-0.013257622718811035,1.1920928955078125e-07
82,1.9448655043683538,0.10822922408756683,0.06745431586414284,0.015910863876342773,0.010118335485458374,0.11810249974629378,0.3309194221343133,0.1344805167291207,0.3498607770427824,-0.013257622718811035,0.0
83,1.8208948550776918,0.1354094061366582,0.07005983900960969,0.02228856086730957,0.010618746280670166,0.13262643506496857,0.3310528030726999,0.14917790495205635,0.3499957368925192,-0.013257622718811035,5.960464477539063e-08
84,1.5911341383092465,0.24174615586645487,0.07683034024097078,0.033777981996536255,0.011580288410186768,0.15980826511504284,0.3309925788432043,0.17625529824189634,0.34993979543156645,-0.013257622718811035,1.1920928955078125e-07
85,1.4611032794019834,0.1450424629428722,0.08111977877572177,0.021968692541122437,0.012199699878692627,0.17395185630427162,0.33091847833971627,0.19044984765788095,0.34986865049053195,-0.013257622718811035,5.960464477539063e-08
86,1.1723764837441044,0.31590957985538065,0.08153796198183198,0.07575856149196625,0.012268900871276855,0.19902203845860938,0.33102428988572136,0.21508249803069943,0.34997395145521504,-0.013257622718811035,1.1920928955078125e-07
87,1.012168884263719,0.1811611747959344,0.07215299557164759,0.03535906132310629,0.01116931438446045,0.22645318072114318,0.3310775271955659,0.24216717000728694,0.35002916323545935,-0.013257622718811035,-5.960464477539063e-08
88,0.8568521177722347,0.17915732868651943,0.05095787908177189,0.018352538347244263,0.009999999776482582,0.2375054234203806,0.3310269960946965,0.25262894698280625,0.3499845031681171,-0.013257622718811035,1.1920928955078125e-07
89,0.6399662272910378,0.2479101808133678,0.056193283945952105,0.04360392689704895,0.009999999776482582,0.2581469451091196,0.3309917006847703,0.2728734067866166,0.34994745230423757,-0.013257622718811035,0.0
90,0.47728990089444323,0.23683623970512274,0.06230135464346515,0.04046425223350525,0.009999999776482582,0.2781258214087038,0.3308723357286745,0.2922846623422647,0.34982626042248827,-0.013257622718811035,1.1920928955078125e-07
91,0.27182333343440246,0.2995390887149568,0.07800288604327808,0.03767845034599304,0.011256277561187744,0.29101186912954663,0.3304739616251952,0.3049788091536701,0.34943073445792416,-0.013257622718811035,1.1920928955078125e-07
92,0.2789566711926787,0.07060952616943247,0.08524444514761181,0.010360091924667358,0.012548565864562988,0.29297705305239785,0.3298349225939144,0.30684040938950197,0.3487948382149249,-0.013257622718811035,1.1920928955078125e-07
93,0.326087026782369,0.16170220712834252,0.09305267646082768,0.01999109983444214,0.013741791248321533,0.2992382090283842,0.32924266489962567,0.3128983789933785,0.34820468434375307,-0.013257622718811035,5.960464477539063e-08
94,0.32175466310904255,0.15460465387975444,0.09950509000429365,0.02135181427001953,0.01468348503112793,0.3018851591377725,0.32885653330247605,0.31556331419509964,0.34781276290383667,-0.013257622718811035,1.1920928955078125e-07
95,0.36027400798908077,0.1824865893232403,0.10237594866624497,0.024177372455596924,0.015239357948303223,0.3034281036750138,0.3285561645966681,0.3172543796854016,0.34750756045882714,-0.013257622718811035,5.960464477539063e-08
96,0.3983275817428429,0.21338056690794394,0.09265186970397142,0.031268179416656494,0.01408541202545166,0.30588618010270785,0.3281113365605799,0.31970531568116506,0.34705947370057766,-0.013257622718811035,1.1920928955078125e-07
97,0.45197783405314995,0.05055520246737255,0.09270778949937336,0.007561385631561279,0.014094293117523193,0.3063044186834051,0.3275618711598917,0.320146308392341,0.3465152441949714,-0.013257622718811035,1.1920928955078125e-07
98,0.4667507234501426,0.08955991096925103,0.08865327641728038,0.009693384170532227,0.013573408126831055,0.3062875235065417,0.32699645872071753,0.31998989181104315,0.34595394461627677,-0.013257622718811035,5.960464477539063e-08
99,0.48071173284522534,0.08612679707947773,0.07845138659323181,0.013057589530944824,0.012253761291503906,0.3059282052598623,0.32646243046596196,0.31961624704770103,0.3454239449493979,-0.013257622718811035,5.960464477539063e-08
100,0.5424520055772012,0.04621296873474541,0.08150458435626638,0.005780551582574844,0.012455582618713379,0.30377170827232863,0.32589683344302245,0.3175459794013905,0.34486075291987606,-0.013257622718811035,1.7881393432617188e-07
101,1.0196640415790377,1.1413131573929018,0.06946413058520028,0.4703371524810791,0.01081991195678711,0.29068279166220484,0.3250576839394566,0.3051810250283731,0.3440200923860065,-0.013257622718811035,5.960464477539063e-08
102,0.9537369546250277,0.12915692219057484,0.061684435357766604,0.2453007698059082,0.009999999776482582,0.28025226329174957,0.32390954079013934,0.2951118481696167,0.3428673010144268,-0.013257622718811035,5.960464477539063e-08
103,0.9278936432719047,0.029712486765720084,0.054668522601534465,0.0718604326248169,0.009999999776482582,0.2814604389336914,0.32261449223917726,0.2962676649528936,0.3415648395805129,-0.013257622718811035,5.960464477539063e-08
104,0.8327829635861689,0.12003990888743073,0.05070500876137851,0.017055630683898926,0.009999999776482582,0.27992275225288454,0.32089726624059833,0.294593124349646,0.3398358316393844,-0.013257622718811035,1.7881393432617188e-07
105,0.844051872221147,0.06249481201598572,0.044225765896603826,0.007419466972351074,0.009999999776482582,0.28049603427404995,0.31905140609256055,0.29521184195358885,0.3379763740909219,-0.013257622718811035,0.0
106,0.7775226343965402,0.15934965912626803,0.04476954561041867,0.017167508602142334,0.009999999776482582,0.2766021838520443,0.31698341909129185,0.29120206218199346,0.3358890085290217,-0.013257622718811035,5.960464477539063e-08
107,0.7284002460555592,0.14034691800445953,0.040383638290929835,0.01435697078704834,0.009999999776482582,0.27099812217411895,0.3145138170102725,0.28553052381373645,0.33339802217777365,-0.013257622718811035,1.1920928955078125e-07
108,0.7104418516243979,0.07309479052124503,0.04504859899700598,0.00536346435546875,0.009742585942149162,0.2730555068580672,0.31135419585118895,0.2874048057042152,0.3302103060281074,-0.013257622718811035,1.1920928955078125e-07
109,0.7173192894738871,0.09159281998600269,0.05061716067612813,0.01156461238861084,0.009360041469335556,0.2706061135842167,0.30799930992022295,0.2848239621448596,0.3268202996296582,-0.013257622718811035,5.960464477539063e-08
110,0.7057745736183536,0.11699405859551092,0.0548444598081903,0.015493303537368774,0.008986887522041798,0.26251531667387334,0.303927827962483,0.27678207850438685,0.32270480035111615,-0.013257622718811035,5.960464477539063e-08
111,0.7225541824795909,0.11725103908587763,0.06510306269775303,0.012547612190246582,0.008529105223715305,0.26856310924226123,0.29903704210450976,0.28206471202791417,0.31775741487417397,-0.013257622718811035,5.960464477539063e-08
112,0.7481891405149124,0.1503847151486123,0.07509130939688223,0.016239136457443237,0.00939825177192688,0.25960181033535945,0.2934504407379029,0.2729391990543655,0.31209231247544467,-0.013257622718811035,-5.960464477539063e-08
113,0.7673706149446293,0.04894842061324226,0.09198311926106356,0.0043485164642333984,0.011455193161964417,0.26015929954234746,0.28692627986284436,0.2735966236435117,0.30545705178565935,-0.013257622718811035,1.1920928955078125e-07
114,0.8549719627730166,0.059722039597502746,0.0980369236712126,0.0067708492279052734,0.012508511543273926,0.26205169816588014,0.2796294109426578,0.2751371772999643,0.298017918001427,-0.013257622718811035,1.1920928955078125e-07
115,0.8631492436201533,0.10885193766479263,0.10695852120757551,0.012033581733703613,0.013401363044977188,0.25349464271513306,0.2715146285116045,0.2663351185501852,0.28974698165219354,-0.013257622718811035,1.1920928955078125e-07
116,0.9005930433852051,0.09544231513524545,0.11184871357121395,0.012552618980407715,0.014151789247989655,0.25011048921482737,0.2624407818562847,0.2627108350077651,0.2805959849202331,-0.013257622718811035,1.1920928955078125e-07
117,0.995934712911544,0.07561441140853042,0.11461861352346579,0.007887959480285645,0.014237016439437866,0.25141489972787157,0.25292226364440434,0.2643316193714028,0.27098872140072644,-0.013257622718811035,1.1920928955078125e-07
118,1.033424982817212,0.1451305327284183,0.11982582069004523,0.01373782753944397,0.014592990279197693,0.24349140786671788,0.24272475372593202,0.2563597505513888,0.260686008299561,-0.013257622718811035,1.1920928955078125e-07
119,1.1332177632148532,0.06413319317848294,0.11654420354553904,0.005065128207206726,0.014026522636413574,0.24642937916286947,0.2325550298836532,0.2593476708027157,0.25039811333587564,-0.013257622718811035,1.1920928955078125e-07
120,1.1933390518601361,0.1168559868264294,0.1258248777820466,0.011930674314498901,0.014569133520126343,0.24186443983339476,0.221195394123156,0.2549033774980431,0.23892327592020013,-0.013257622718811035,5.960464477539063e-08
121,1.2577621716033716,0.12577122460289086,0.12199110937837332,0.013155758380889893,0.01391458511352539,0.23608941953365392,0.2097926248192997,0.24880806720075957,0.22742178117634426,-0.013257622718811035,1.1920928955078125e-07
122,1.3762295595682836,0.061001290657230096,0.13436575571000445,0.005194306373596191,0.014921873807907104,0.24333371157422307,0.19708294758322764,0.2563218641433324,0.21466566676134832,-0.013257622718811035,-5.960464477539063e-08
123,1.4228611322721103,0.11335240430555912,0.13063430092551268,0.011303618550300598,0.014137566089630127,0.240296320454145,0.18402975169355898,0.25346048238992036,0.20175461799545186,-0.013257622718811035,1.1920928955078125e-07
124,1.4927051321968967,0.04506695862731436,0.1325284967732264,0.0065607428550720215,0.014131784439086914,0.24233627407163916,0.1705297266043646,0.25602047332431127,0.1883966187965241,-0.013257622718811035,1.1920928955078125e-07
125,1.5196930778003623,0.2886782937432203,0.12175123176340015,0.03327084053307772,0.013237237930297852,0.2334786604775429,0.15781410933632187,0.24745859270698542,0.17592938816369452,-0.013257622718811035,5.960464477539063e-08
126,1.5211417186093579,0.21695739314938955,0.1206401401702736,0.023343592882156372,0.012865662574768066,0.22107834218752725,0.14545556466338602,0.23585637874287882,0.16400470635021863,-0.013257622718811035,1.1920928955078125e-07
127,1.6234433984718235,0.10040045809124001,0.12330466371102361,0.015584096312522888,0.013063311576843262,0.21616338590680748,0.13277245498494689,0.23126973315948213,0.15184317461994282,-0.013257622718811035,1.1920928955078125e-07
128,1.6554233046937965,0.20816725688779616,0.1171441114590826,0.019801199436187744,0.012213647365570068,0.20878391319497228,0.12090105583477473,0.2253100408586434,0.14062427929551438,-0.013257622718811035,1.1920928955078125e-07
129,1.689702133369393,0.09916371265878915,0.10814537111296603,0.012012988328933716,0.011075735092163086,0.213406935426629,0.11059239895488206,0.2305346587059341,0.13103755712783374,-0.013257622718811035,0.0
130,1.7559015105256033,0.20372220329539964,0.101326499887275,0.024165421724319458,0.010259240865707397,0.19835083468355583,0.10191948726767289,0.21609037553215688,0.12293008212866383,-0.013257622718811035,1.1920928955078125e-07
131,1.8055297389880038,0.17857327987697322,0.10059358045487768,0.01900792121887207,0.010123729705810547,0.19052987755604192,0.09523714461456317,0.20959411568715253,0.11667913991873033,-0.013257622718811035,0.0
132,1.8571394082864106,0.05584174982928571,0.09995417923947901,0.008034169673919678,0.010213404893875122,0.1950989910951479,0.09067771376586208,0.21524676077927202,0.11208037313052674,-0.013257622718811035,-5.960464477539063e-08
133,1.881811841528992,0.12998916891533013,0.08398999997730827,0.01287013292312622,0.00885540246963501,0.1915734579141904,0.08874879411665053,0.21330767109138782,0.10960833023493312,-0.013257622718811035,1.1920928955078125e-07
134,1.9295942849949552,0.17560375669539133,0.08165093888701991,0.0226290225982666,0.008688360452651978,0.18743643960448048,0.08869218009292726,0.21128386949446804,0.10881145502946168,-0.013257622718811035,1.1920928955078125e-07
135,2.014885420059039,0.10054567729347547,0.0743047329005637,0.010972797870635986,0.00789196789264679,0.18237844685760235,0.09033671700903573,0.20801305318793198,0.10946715120510576,-0.013257622718811035,1.1920928955078125e-07
136,1.9957146466927842,0.08871890515418558,0.07166608919804277,0.010188579559326172,0.007672473788261414,0.18331985341623178,0.09290322904273256,0.20996420726060216,0.11101232437122939,-0.013257622718811035,1.1920928955078125e-07
137,2.066024140808195,0.11247529977954931,0.06427987108851631,0.01089787483215332,0.007157370448112488,0.17256038568384907,0.09514468152216528,0.20092187439515366,0.11277258480423939,-0.013257622718811035,5.960464477539063e-08
138,2.0840532903555467,0.059688844198691304,0.04423114233238682,0.00823819637298584,0.005062319338321686,0.1707252995299867,0.09669600036026446,0.1999632962187633,0.1138738981491886,-0.013257622718811035,1.1920928955078125e-07
139,2.107399919802204,0.07278598658961118,0.03708433334201763,0.006086528301239014,0.003595266491174698,0.17442002184957192,0.09805426865670118,0.20274772546698464,0.11489995713527616,-0.013257622718811035,-5.960464477539063e-08
140,2.12956606242745,0.08329346531512088,0.03356029310861915,0.007538890466094017,0.0032688751816749573,0.171292095247758,0.0992976116295997,0.2012660594409378,0.11573412184592977,-0.013257622718811035,1.1920928955078125e-07
141,2.1615185514083026,0.046924499439545506,0.028746478980376976,0.0044896602630615234,0.00244705006480217,0.17237064968203702,0.09989824981579185,0.20216689714809663,0.11596342923349617,-0.013257622718811035,1.1920928955078125e-07
142,2.1497994575865125,0.08172216401563405,0.025875677269812724,0.008565723896026611,0.0022052135318517685,0.1684150854204536,0.10015981339368417,0.19895912075615213,0.11592834635876756,-0.013257622718811035,1.1920928955078125e-07
143,2.1912393702351007,0.055515590983614894,0.02137744266358575,0.005308568477630615,0.0019530067220330238,0.16550924481872817,0.09999386021577736,0.1977532470849675,0.11539233728337056,-0.013257622718811035,5.960464477539063e-08
144,2.2099094097079774,0.11349242706096806,0.018808883302949376,0.010138094425201416,0.0016101577784866095,0.1684145813709769,0.0992835608127944,0.19925008528655913,0.11437783792949027,-0.013257622718811035,1.1920928955078125e-07
145,2.1795605654484276,0.061700514011515946,0.017500580307013576,0.008884549140930176,0.00143413245677948,0.16701323772964605,0.0984989450032183,0.19836708015069401,0.11322881957648723,-0.013257622718811035,1.1920928955078125e-07
146,2.222982846209574,0.19306468842098687,0.01781890394803957,0.01932358741760254,0.0020009279251098633,0.16521249142812275,0.09734626140734934,0.19383965321310884,0.11162766658887673,-0.013257622718811035,-5.960464477539063e-08
147,2.2744901635356882,0.11899195332631154,0.015406261352539368,0.01292330026626587,0.0014999620616436005,0.16362391028567846,0.09649585338387706,0.19386720997906953,0.11040236937348945,-0.013257622718811035,1.1920928955078125e-07
148,2.296930963090271,0.18809326731622036,0.012726592038201893,0.01692977547645569,0.0012848377227783203,0.15829103184449905,0.09550579554730258,0.18669962968311302,0.10905064761973081,-0.013257622718811035,1.1920928955078125e-07
149,2.338411583917692,0.13786566588189222,0.012553150764325508,0.015126615762710571,0.0013178233057260513,0.1544829389457046,0.09434625447526937,0.18404756997023125,0.10759192577753238,-0.013257622718811035,1.1920928955078125e-07
150,2.379943788883853,0.12331170698038714,0.011560350350644545,0.014085233211517334,0.0012856721878051758,0.14810222960449448,0.0929255952685746,0.17834971384533643,0.10589331290601102,-0.013257622718811035,0.0
151,0.9853225048283037,1.6753413388763403,0.009573871126017191,0.5916035175323486,0.001132965087890625,0.14058341606143324,0.09157330480658626,0.16578746456542817,0.10417270322924423,-0.013257622718811035,0.0
152,0.9716878459781384,0.03663921243503975,0.00894282082843003,0.4097033143043518,0.001117706298828125,0.13883155747019144,0.09001906997252147,0.16276058784438768,0.10228032324638696,-0.013257622718811035,5.960464477539063e-08
153,0.9717853367722051,0.03335187673992151,0.008964112611088482,0.21950703859329224,0.0012052059173583984,0.11697235507422922,0.08836907688078577,0.13697112860643654,0.10028632477554568,-0.013257622718811035,1.1920928955078125e-07
154,0.9824311650374771,0.033344699908608416,0.009181742363975986,0.05206954479217529,0.0011932849884033203,0.08103824453874386,0.08652693038401099,0.09570329498417468,0.09818576827622777,-0.013257622718811035,5.960464477539063e-08
155,0.9832883547599238,0.031330743718301614,0.010768779565322593,0.008089900016784668,0.0011657476425170898,0.0764122170367938,0.08470640637941591,0.0891795306175879,0.09617744638982435,-0.013257622718811035,5.960464477539063e-08
156,0.9822814697492013,0.015999789994477282,0.013208134344018916,0.0017063021659851074,0.0011686086654663086,0.07444914086694115,0.08270364404222547,0.0863262324408029,0.0941624114262926,-0.013257622718811035,5.960464477539063e-08
157,0.9966695760135587,0.039966570267919756,0.0143841340370454,0.0032625198364257812,0.0013047456741333008,0.07368795760933254,0.08073625400496183,0.08458450874115317,0.09221103394341557,-0.013257622718811035,1.1920928955078125e-07
158,0.987384679093988,0.03754254345112752,0.017817036714301012,0.0022919662296772003,0.0015472173690795898,0.07299262150307036,0.07870392313204186,0.08354424882710457,0.0903352721410065,-0.013257622718811035,1.1920928955078125e-07
159,0.9726711193624236,0.0251153411809681,0.020125745164341586,0.001996861770749092,0.0015437602996826172,0.07194153994760938,0.07671893923344937,0.0817538465431408,0.088518876593345,-0.013257622718811035,1.1920928955078125e-07
160,0.9613892904355819,0.02247228688014084,0.020973975258118876,0.0025649666786193848,0.001340627670288086,0.07135685498690737,0.07453564528163505,0.08068904466104652,0.0864112884064335,-0.013257622718811035,5.960464477539063e-08
161,0.9691401009039972,0.03167384089253527,0.02274574401119643,0.005725234746932983,0.0017098188400268555,0.07091450388185631,0.07232989464300331,0.08092919139503447,0.0842720925838663,-0.013257622718811035,1.1920928955078125e-07
162,0.9440375989547115,0.025617089105969302,0.02305602562498112,0.0036554113030433655,0.0016258955001831055,0.07004324323504872,0.07003061872832152,0.07920230033686758,0.08214794969792373,-0.013257622718811035,1.1920928955078125e-07
163,0.9450516406430436,0.02464203153861822,0.024447177329197337,0.012018214911222458,0.0016200970858335495,0.06912565992646522,0.06764258010905447,0.07929369142076394,0.0798978048082328,-0.013257622718811035,5.960464477539063e-08
164,0.914107238072995,0.03649926646384164,0.025321995363341235,0.017266895622015,0.001862168312072754,0.06931090395060166,0.06540275113944598,0.07916943327587504,0.07781920823218802,-0.013257622718811035,1.1920928955078125e-07
165,0.9417978364238219,0.04300095095149729,0.02498640794064376,0.019000135362148285,0.0018148981034755707,0.07044589099781139,0.06314250205232398,0.08096731584377057,0.07577897964181356,-0.013257622718811035,1.1920928955078125e-07
166,0.9221574601598218,0.025340210733779452,0.026593614765064114,0.01480046659708023,0.0021173954010009766,0.06869203033865044,0.06102078459698883,0.07890257702880621,0.07392679027859023,-0.013257622718811035,-5.960464477539063e-08
167,0.9223011409510413,0.017374205685739746,0.027182037478505797,0.017269223928451538,0.002289891242980957,0.06955406640353486,0.05901588543360362,0.07981614849400992,0.07201186486287006,-0.013257622718811035,1.1920928955078125e-07
168,0.9081940544836261,0.02852365871140679,0.027785180339727055,0.01892681047320366,0.0024061203002929688,0.06934064988280836,0.057040666977011115,0.07989052661084513,0.07016194496497989,-0.013257622718811035,1.1920928955078125e-07
169,0.90905089879583,0.017507883183082495,0.02838562813095842,0.01897139474749565,0.0027801990509033203,0.06885341080589251,0.05520920763846458,0.07946468130616642,0.06900728077734226,-0.013257622718811035,5.960464477539063e-08
170,0.9318640993344821,0.037468843943880774,0.030161517308731022,0.022004850208759308,0.0031630992889404297,0.07014483931089989,0.0535292423481661,0.0812407438616472,0.06796868209237948,-0.013257622718811035,1.1920928955078125e-07
171,0.9451289493918978,0.024103740284334273,0.028531135689882938,0.02333129197359085,0.0027674436569213867,0.07117995522722785,0.05203110120569572,0.08252352356817617,0.06699943267989801,-0.013257622718811035,1.7881393432617188e-07
172,0.944531337498769,0.02027014519678514,0.028380221621486852,0.023534677922725677,0.0025887489318847656,0.07301002164456326,0.05104548755664607,0.08435772686193582,0.06660439191949444,-0.013257622718811035,-5.960464477539063e-08
173,0.9452305887106882,0.014413048238568118,0.028108393557497585,0.02146344631910324,0.0024461746215820312,0.07147252706046368,0.049615295379033045,0.08293328302557311,0.06567697258684109,-0.013257622718811035,5.960464477539063e-08
174,0.9763642273808183,0.02068470735237501,0.03265601976336733,0.02114972099661827,0.003972053527832031,0.07170790101836362,0.048170617758940854,0.0828609494692173,0.06473506863270555,-0.013257622718811035,1.1920928955078125e-07
175,0.9989129693228901,0.010958700069640318,0.03799522713267122,0.023664142936468124,0.0050852298736572266,0.07134985487762897,0.046531760851465986,0.08304455813071833,0.06354263214529847,-0.013257622718811035,1.1920928955078125e-07
176,1.0573330137110395,0.028119349844333914,0.044018777569139245,0.024033378809690475,0.006450176239013672,0.07408231948065945,0.04446121301426694,0.08574155373862849,0.062060844866787,-0.013257622718811035,-5.960464477539063e-08
177,1.1046415561073362,0.01259571005464623,0.045576315598186624,0.026118092238903046,0.006830930709838867,0.07333659092309908,0.04272257407728662,0.08518925032082744,0.060888681811419376,-0.013257622718811035,1.1920928955078125e-07
178,1.1509489748334745,0.009970324891984418,0.047434206974971804,0.024324052035808563,0.007297635078430176,0.07398533645011264,0.04140193141719942,0.08542821670833774,0.06012417766408621,-0.013257622718811035,1.7881393432617188e-07
179,1.2297158095384284,0.04194830999421491,0.04671667869446562,0.02485213801264763,0.0073812007904052734,0.07456184941797772,0.04067274159676576,0.08660143587764235,0.05987938888259098,-0.013257622718811035,1.1920928955078125e-07
180,1.267621100990988,0.015582213906968786,0.04394366129146541,0.020970892161130905,0.006847739219665527,0.07614770735819598,0.040783126900086945,0.08781671620810899,0.06026419336035688,-0.013257622718811035,5.960464477539063e-08
181,1.31518178002391,0.017584932411704376,0.04262174324599562,0.022479429841041565,0.006524085998535156,0.07710900261668605,0.04177565873559809,0.08922815807216548,0.061254092733302394,-0.013257622718811035,5.960464477539063e-08
182,1.3806050725550074,0.0326690319143639,0.04139986627210711,0.02286681905388832,0.006210803985595703,0.07767034183870422,0.043543344014903215,0.08966212154429956,0.0628893929486617,-0.013257622718811035,1.1920928955078125e-07
183,1.4171906322798253,0.017613807223573634,0.03187210813111967,0.02560071274638176,0.004655003547668457,0.07965482934110216,0.0449650568458482,0.09164113329271951,0.06400805073769442,-0.013257622718811035,-5.960464477539063e-08
184,1.5185713936355683,0.0809535946630322,0.02656432166433432,0.028829343616962433,0.0036780834197998047,0.08193184937711573,0.04711984780310012,0.09465289774050176,0.06579354228265363,-0.013257622718811035,0.0
185,1.5549064273345832,0.029998515885851798,0.015782623319661484,0.022087804973125458,0.0023516416549682617,0.08246295555687591,0.04821081073448615,0.09549877170485685,0.06662878384340959,-0.013257622718811035,1.1920928955078125e-07
186,1.6069010014349365,0.05687772175145292,0.010158754775424883,0.02614966407418251,0.0014923810958862305,0.08602921886993314,0.0492884276078199,0.09987250657693279,0.0677152987628249,-0.013257622718811035,1.1920928955078125e-07
187,1.6240580626122203,0.017548822029262626,0.013917771999791571,0.02422824501991272,0.001580888987518847,0.0845597490207842,0.051046873028151904,0.09858706095717495,0.06949058422607987,-0.013257622718811035,5.960464477539063e-08
188,1.6366673671540555,0.012367524414463621,0.01497356088826404,0.024126622825860977,0.002177637070417404,0.08402201876211629,0.05325043050071185,0.09822671212052346,0.07167002415563772,-0.013257622718811035,1.1920928955078125e-07
189,1.744879373100442,0.1138668869456907,0.011866377038678566,0.024513207376003265,0.0026049583684653044,0.08850374097483224,0.0551772403661597,0.10354089621180267,0.07361030184080847,-0.013257622718811035,0.0
190,1.7554545327916782,0.007618100385856072,0.013552383781736174,0.025354556739330292,0.0030792467296123505,0.08874851623922725,0.05725134498967861,0.10394996650691664,0.0756755009420138,-0.013257622718811035,1.1920928955078125e-07
191,1.7974621563805762,0.05016038622696839,0.013658799006876648,0.02716168761253357,0.0035052127204835415,0.08963334388118077,0.05951904904769044,0.10497878151300094,0.07792152059734818,-0.013257622718811035,5.960464477539063e-08
192,1.880198032630994,0.08899810448066163,0.019222803407183478,0.0217997208237648,0.003930971492081881,0.0919398761818117,0.06304967672768005,0.10820936640684793,0.08134996328212167,-0.013257622718811035,1.1920928955078125e-07
193,1.9227079021457794,0.05467632676795612,0.025011080741032473,0.027079876512289047,0.004367990419268608,0.09463208970234364,0.06733735719225407,0.11155573708849063,0.0855079102590829,-0.013257622718811035,-5.960464477539063e-08
194,2.0310560258406234,0.1300150640064521,0.0322598540709156,0.027935035526752472,0.004724600352346897,0.09949173041879834,0.07222333982948233,0.11666401807160495,0.09023352717692767,-0.013257622718811035,1.1920928955078125e-07
195,1.9736051328702453,0.04145902548529608,0.03719045276191084,0.026069454848766327,0.005111336708068848,0.09904601361316644,0.07772811734702859,0.11621722671886464,0.09557663950708149,-0.013257622718811035,1.1920928955078125e-07
196,2.057872660043699,0.11662269575494479,0.04465746829240353,0.025484908372163773,0.006215989589691162,0.10369036918286306,0.08410861349416483,0.12018125387155582,0.10178817247461672,-0.013257622718811035,1.1920928955078125e-07
197,2.0513269097717552,0.0354198126172063,0.053515711535686156,0.02430054172873497,0.007713019847869873,0.10632074384360171,0.09151341369699283,0.12407731070885603,0.10904085203878555,-0.013257622718811035,5.960464477539063e-08
198,2.1600178138492465,0.15123486524172086,0.0621213357081509,0.02500738948583603,0.00917661190032959,0.1072821338253297,0.100233775007583,0.12488823810859076,0.11759652085608525,-0.013257622718811035,5.960464477539063e-08
199,2.159394624371848,0.04075945787767565,0.06499674584657371,0.023798160254955292,0.009660065174102783,0.1127434751078462,0.1093899828888291,0.12989404507569782,0.12660155505804357,-0.013257622718811035,1.1920928955078125e-07
200,2.249464203949295,0.13213468524222458,0.07234275887855053,0.024129308760166168,0.011008918285369873,0.11312976964037566,0.11969180044368055,0.13090763647669496,0.13674450277296155,-0.013257622718811035,1.1920928955078125e-07
201,1.6152692308253895,0.875525973824597,0.07343927582520009,0.30427488684654236,0.011525511741638184,0.10795876314645171,0.13015703439208515,0.13630995168307497,0.14705615762283766,-0.013257622718811035,1.1920928955078125e-07
202,1.4891717596561587,0.14269343310111746,0.07922058810853728,0.19514799118041992,0.012385785579681396,0.11190127278909884,0.1410004172032462,0.14195492249597352,0.15776516647104294,-0.013257622718811035,1.1920928955078125e-07
203,1.3662022291139342,0.16739678318571222,0.08357734183392315,0.11968952417373657,0.013265848159790039,0.10123401987050014,0.15218956970760908,0.13120158026998155,0.16882175410510933,-0.013257622718811035,1.1920928955078125e-07
204,1.2803743496742062,0.14884081840867708,0.08770228680503092,0.05167698860168457,0.013915777206420898,0.08096915579933664,0.16356538323810504,0.10852984306713638,0.18014287498627657,-0.013257622718811035,0.0
205,1.2026740555522173,0.17658029580717483,0.08720509561300681,0.03098750114440918,0.014032065868377686,0.07043334228065583,0.1748031079399583,0.09500705929177877,0.191468557952297,-0.013257622718811035,5.960464477539063e-08
206,1.1730210356748278,0.17607472925705747,0.08980179900418939,0.03055107593536377,0.014472663402557373,0.05563648708717452,0.1859912501274974,0.0759136382608389,0.20274650051034557,-0.013257622718811035,1.7881393432617188e-07
207,1.2040107158061581,0.13916677464662647,0.09299922086041257,0.021332144737243652,0.015099197626113892,0.051347224065443904,0.19745431719228865,0.06943067590817625,0.21430293403388637,-0.013257622718811035,1.1920928955078125e-07
208,1.242710043815066,0.15307241935547114,0.09154499863989644,0.0246734619140625,0.0149441659450531,0.04052798083964141,0.20855499295007265,0.055788807423978494,0.22549645828617318,-0.013257622718811035,0.0
209,1.2952696963854484,0.0852020078413693,0.09385078404112443,0.02340501919388771,0.015381425619125366,0.036309886924536044,0.21956277800119278,0.04880512454955656,0.23659912447515252,-0.013257622718811035,5.960464477539063e-08
210,1.374140724642943,0.06755102845786695,0.09143578783860884,0.015578456223011017,0.015188932418823242,0.032472924502607685,0.22991126855040842,0.04311420254147306,0.24703861695661178,-0.013257622718811035,1.7881393432617188e-07
211,1.4546860177999008,0.09286319920283806,0.09121857831181027,0.03420209512114525,0.015130087733268738,0.02644802071951075,0.2398046684848414,0.03857442836394225,0.2570264066813923,-0.013257622718811035,-5.960464477539063e-08
212,1.5356643554763594,0.038737773687162316,0.09262963376623615,0.03380843251943588,0.01526765525341034,0.021488398200145642,0.249321096162778,0.03407568068558506,0.26673013892506325,-0.013257622718811035,1.1920928955078125e-07
213,1.6281856846818823,0.07604279107427923,0.09126483948543686,0.035158753395080566,0.015121101401746273,0.021930029807703273,0.25807667773706106,0.034112686086378644,0.2757169133300095,-0.013257622718811035,1.1920928955078125e-07
214,1.6958307253862477,0.09525244638312595,0.08846156848951958,0.0472305603325367,0.014696422964334488,0.02030556499878134,0.2661841338114278,0.033039782791262476,0.28403354656145174,-0.013257622718811035,1.1920928955078125e-07
215,1.7606860786773126,0.05390317264413094,0.07907853085381418,0.0506410226225853,0.013297997415065765,0.02182801762749282,0.27312062463032105,0.03516398201480674,0.2911494696236788,-0.013257622718811035,5.960464477539063e-08
216,1.8328632893945571,0.028200037820695693,0.08301753682517589,0.04084217548370361,0.013683781027793884,0.01670773644943366,0.27973327590724706,0.029951331873423734,0.2979315968617533,-0.013257622718811035,5.960464477539063e-08
217,1.9102662436745748,0.02835557289853117,0.07487686355530164,0.04010950028896332,0.012928351759910583,0.016456660563980974,0.2854549852905389,0.030407630090569765,0.3038008713532602,-0.013257622718811035,1.1920928955078125e-07
218,1.969434742204306,0.06888935486065761,0.06538994520640068,0.043452389538288116,0.012509409338235855,0.019237311797913513,0.2902082104863978,0.03268393299871268,0.30866971965855106,-0.013257622718811035,1.1920928955078125e-07
219,2.006626519806815,0.0549473181036183,0.05863369272666958,0.04220167547464371,0.010904848575592041,0.017401228808950144,0.294415894503912,0.030794849002733257,0.31296941831666397,-0.013257622718811035,1.1920928955078125e-07
220,2.0495228087217607,0.04805775269792892,0.0499323442580219,0.046257637441158295,0.00972686242312193,0.0213696326428118,0.297704881496957,0.03320869959273679,0.3163325755251942,-0.013257622718811035,1.1920928955078125e-07
221,2.0810769542176275,0.04156220665916344,0.0395932138579397,0.04688029736280441,0.009901024401187897,0.02293857916844538,0.3003187843249857,0.03514874949099076,0.31900099388073816,-0.013257622718811035,1.1920928955078125e-07
222,2.117112575763404,0.06038274478018557,0.03479723366807454,0.04350849241018295,0.009999999776482582,0.024052575144034125,0.3025334209746484,0.036172483369763045,0.3212564158581324,-0.013257622718811035,-5.960464477539063e-08
223,2.135205002003234,0.021293266963088073,0.03302125947753194,0.042346756905317307,0.009999999776482582,0.02293021987056547,0.3042562466204926,0.035498148034678906,0.323008376831561,-0.013257622718811035,1.1920928955078125e-07
224,2.1334895835394065,0.054848497958070584,0.03236633873490063,0.042232953011989594,0.009999999776482582,0.022735982719093092,0.30557530202925726,0.03507089208511352,0.3243445864104689,-0.013257622718811035,1.1920928955078125e-07
225,2.1651686691583207,0.0416160136093935,0.03707527086375487,0.042078897356987,0.009999999776482582,0.025388864295191882,0.3066760387556196,0.03685802572889805,0.3254548540057023,-0.013257622718811035,1.1920928955078125e-07
226,2.1699452149097818,0.051338556340136614,0.042775648143343135,0.038140688091516495,0.009999999776482582,0.02911230214807405,0.3075862983229906,0.04025005654182749,0.32637017992600853,-0.013257622718811035,5.960464477539063e-08
227,2.177178476683107,0.011576140639695257,0.05198866298862082,0.04167770594358444,0.009999999776482582,0.028701837575145633,0.30840626177084823,0.039461046095139785,0.3271914229279373,-0.013257622718811035,5.960464477539063e-08
228,2.1981063287663183,0.03724615053501139,0.05822797604324949,0.03845258057117462,0.009999999776482582,0.02931184445647803,0.3092159258178277,0.039881595813487214,0.3280000202966428,-0.013257622718811035,1.1920928955078125e-07
229,2.185080432803686,0.03719533419573451,0.06041498312670429,0.0395093709230423,0.009999999776482582,0.029779796943368166,0.31019779081498067,0.04012103119798865,0.32898074253258114,-0.013257622718811035,1.1920928955078125e-07
230,2.2210254522214785,0.05674109479884393,0.06988115780264051,0.03418706730008125,0.010620638728141785,0.036503095542712666,0.31122145473952234,0.046074300794081556,0.3300015596462666,-0.013257622718811035,1.1920928955078125e-07
231,2.2471501983996602,0.022767243240096106,0.07663706236333105,0.03246569260954857,0.011575371026992798,0.03873695095884572,0.31179936604510894,0.04807354670170705,0.33057698278086356,-0.013257622718811035,1.1920928955078125e-07
232,2.2583419873160957,0.02969535914475561,0.07450938391939489,0.03781440854072571,0.011350959539413452,0.039496422680938476,0.31211763149917027,0.04871349802149438,0.33089381125163353,-0.013257622718811035,1.1920928955078125e-07
233,2.275712375894635,0.027325457615322308,0.08220601138637484,0.033778827637434006,0.012288957834243774,0.04183152295795787,0.3124398864029374,0.05093080874364067,0.3312196536630172,-0.013257622718811035,5.960464477539063e-08
234,2.294220574021369,0.04525835960057063,0.08005950261390539,0.03303622454404831,0.01210126280784607,0.047565703603311645,0.31246718333369494,0.05605818613944936,0.33124665674705916,-0.013257622718811035,5.960464477539063e-08
235,2.309635700649772,0.021987873724846587,0.07960561007863687,0.027162455022335052,0.01195719838142395,0.05032730307400324,0.3125098127806664,0.05896201576322838,0.3312854982146671,-0.013257622718811035,1.1920928955078125e-07
236,2.3286631541924128,0.03210276788793053,0.06646149543540836,0.02623259648680687,0.009999999776482582,0.05384036830004445,0.3125882734063204,0.06208661618055529,0.3313468891756689,-0.013257622718811035,0.0
237,2.310750287999094,0.03045766411477316,0.031846699682341356,0.022735469043254852,0.009999999776482582,0.05185063013117267,0.3123404397956823,0.05980261807982141,0.3310779230279431,-0.013257622718811035,1.1920928955078125e-07
238,2.27852704252394,0.03899029319910242,0.03894362751171746,0.022671464830636978,0.009999999776482582,0.05634004829216386,0.3117812705461394,0.06370585993153333,0.3304960517558787,-0.013257622718811035,-5.960464477539063e-08
239,2.2642164264028297,0.051481855375988074,0.04413364853717881,0.015436641871929169,0.009999999776482582,0.05995106555198514,0.31120751714056116,0.0673882554575164,0.32989736189146607,-0.013257622718811035,1.1920928955078125e-07
240,2.2269348780344367,0.04023499712567766,0.043869193173430125,0.010175246745347977,0.009999999776482582,0.06250238675334883,0.31049606652556716,0.06962433205559483,0.32915628145486303,-0.013257622718811035,1.1920928955078125e-07
241,2.194722409234732,0.03840098522016963,0.04501783234607526,0.014025308191776276,0.009999999776482582,0.06362580567904398,0.3095494747298963,0.07055749837676936,0.3281821076657554,-0.013257622718811035,5.960464477539063e-08
242,2.1407094456388074,0.04763010979381621,0.04599183269458817,0.009999999776482582,0.009999999776482582,0.06586241649854516,0.30807391199009787,0.07357376629689334,0.3266731628355129,-0.013257622718811035,5.960464477539063e-08
243,2.0981139164051976,0.04373257458171008,0.0420605457721077,0.009999999776482582,0.009999999776482582,0.07002433630502154,0.3062057718525869,0.0786097651826096,0.3247706295658634,-0.013257622718811035,5.960464477539063e-08
244,2.0127722112538073,0.09738317342418885,0.04556915532116457,0.013954758644104004,0.009999999776482582,0.07419352067842366,0.30413373994183646,0.08470988198215322,0.32266122903152383,-0.013257622718811035,5.960464477539063e-08
245,1.9787282529867936,0.029623411925560204,0.04537108204300087,0.009999999776482582,0.009999999776482582,0.07182501542107023,0.3013356981875212,0.08268014489036586,0.3198181412146767,-0.013257622718811035,5.960464477539063e-08
246,1.846735678174617,0.14006202835138556,0.04465427142311461,0.018200457096099854,0.009999999776482582,0.08058819844889462,0.29797271205269016,0.09375040638498384,0.316405321059742,-0.013257622718811035,1.1920928955078125e-07
247,1.7965291169828501,0.057272993349582926,0.04313326246977402,0.009999999776482582,0.009999999776482582,0.0870788483853949,0.2942840136970522,0.10053747789382071,0.3126637828567627,-0.013257622718811035,1.1920928955078125e-07
248,1.6546186736350472,0.17114599968003355,0.04435867088581629,0.0255468487739563,0.009999999776482582,0.09225228927136872,0.29029505747843415,0.10738820675259932,0.30861651177935656,-0.013257622718811035,1.1920928955078125e-07
249,1.4429862011514436,0.25450468698337286,0.04488941155894958,0.05753767490386963,0.009999999776482582,0.11948452097000493,0.2859452590065136,0.13575041517217679,0.30419402489922387,-0.013257622718811035,5.960464477539063e-08
250,1.4402515072401325,0.08020316640478359,0.04824835078753931,0.010991573333740234,0.009999999776482582,0.12099649632507446,0.2815736761149212,0.13680519117672532,0.29973743612073134,-0.013257622718811035,5.960464477539063e-08
251,2.1357958555954384,1.0446928525789658,0.047096293184562855,0.47471219301223755,0.009999999776482582,0.10329514691405353,0.27699203795769095,0.12164595677068334,0.29506049034239523,-0.013257622718811035,0.0
252,2.1047903144969564,0.027288924886052775,0.046763753461217895,0.2713431119918823,0.009999999776482582,0.10867089276606945,0.27249425857549764,0.12704965226637951,0.29045708035002016,-0.013257622718811035,1.7881393432617188e-07
253,2.053296695947685,0.044006145323979014,0.04476785939275149,0.06785893440246582,0.009999999776482582,0.09481405507264161,0.26758847603216923,0.11018946084139776,0.2854369050280214,-0.013257622718811035,5.960464477539063e-08
254,1.986362480559623,0.05106081444291209,0.0496614352562107,0.018522687256336212,0.00982340332120657,0.09114042775489989,0.2624048840384353,0.10592625009328185,0.28018323988955174,-0.013257622718811035,5.960464477539063e-08
255,1.9100443836880903,0.06882182686025705,0.04762715081506992,0.019723843783140182,0.0094223627820611,0.09262383692903121,0.2569703613816185,0.10757049508577889,0.2746988231539623,-0.013257622718811035,0.0
256,1.8572281759810778,0.04563931882008323,0.04530828647368863,0.017353009432554245,0.00893446709960699,0.09635214277485388,0.2515958136930834,0.11182824776541136,0.2692752706240685,-0.013257622718811035,5.960464477539063e-08
257,1.7352481635792036,0.1594572303058009,0.04776898840587541,0.024799104779958725,0.008343351073563099,0.0996609784584053,0.24616826204450215,0.11604031266971562,0.2637948267870211,-0.013257622718811035,1.7881393432617188e-07
258,1.6801453267669422,0.031272547571322376,0.050833597572733834,0.017587490379810333,0.007727060467004776,0.100019678353674,0.24031061080765137,0.11624216807564529,0.25787349140122895,-0.013257622718811035,0.0
259,1.59614531979431,0.09172879449883274,0.05036571203910059,0.01567501574754715,0.007176905870437622,0.10695938027864664,0.23453998245710983,0.12315420431781227,0.2520387022140322,-0.013257622718811035,5.960464477539063e-08
260,1.5039518656635196,0.076451941845491,0.057447670345863656,0.018319159746170044,0.007828593254089355,0.11008768122163386,0.22828099935425167,0.12620502942901377,0.2457085371940783,-0.013257622718811035,1.1920928955078125e-07
261,1.4382417432542776,0.09149225426617723,0.05814188662414078,0.02048252522945404,0.008035153150558472,0.11517986489244192,0.22225586482014928,0.13163905662126918,0.2396255779481386,-0.013257622718811035,-5.960464477539063e-08
262,1.3499188907441682,0.11350759005145797,0.059813582509732996,0.0243503637611866,0.008000612258911133,0.11884389792781795,0.21636452133791867,0.13553691815822086,0.23367766137394097,-0.013257622718811035,1.1920928955078125e-07
263,1.2791620079931523,0.029516335572637047,0.06965155615708203,0.02157939225435257,0.00900319218635559,0.1163207044893778,0.20976230201652601,0.1330900480687797,0.22700557094818327,-0.013257622718811035,1.1920928955078125e-07
264,1.2139207233570808,0.09711319231424219,0.07585336160063799,0.030443813651800156,0.00978192687034607,0.12226053588250423,0.20298204010782475,0.13905158261477055,0.2201424434776244,-0.013257622718811035,1.1920928955078125e-07
265,1.1594186843449599,0.05004663086088265,0.0747445472019696,0.030533425509929657,0.009830862283706665,0.12688347790947158,0.19607215133655487,0.14375389740918365,0.21314691685345907,-0.013257622718811035,-5.960464477539063e-08
266,1.082400296144214,0.09780042305989159,0.08115242289954797,0.01822064444422722,0.010289400815963745,0.1332820961757263,0.18873980605797552,0.15004901772916485,0.20572678525213245,-0.013257622718811035,1.1920928955078125e-07
267,1.0332189433810208,0.05357574686876094,0.08423405030461191,0.02054358646273613,0.010586559772491455,0.1335027095822443,0.18083363729204538,0.15033294593749397,0.19793037919665799,-0.013257622718811035,1.1920928955078125e-07
268,1.0173720953989196,0.03695170855668281,0.08359376632798801,0.028399188071489334,0.010483622550964355,0.13751472768801887,0.17277944574264742,0.15420151694713302,0.190093273911,-0.013257622718811035,1.1920928955078125e-07
269,0.9864645234436823,0.06399408495853269,0.08035842653051663,0.0211108960211277,0.009915769100189209,0.1418511139622826,0.16484613598194153,0.1584676288766923,0.18248989709960264,-0.013257622718811035,5.960464477539063e-08
270,0.9553364288783861,0.07392730882614856,0.08397252908146227,0.011254072189331055,0.009703576564788818,0.15072164791192522,0.15607878965131167,0.16720619359962563,0.17421039457154863,-0.013257622718811035,1.1920928955078125e-07
271,0.9732763652521471,0.03852552342189642,0.08355780990184543,0.012541208416223526,0.009372055530548096,0.15125744077165296,0.14718331092980977,0.16769460051400897,0.16600760159525202,-0.013257622718811035,5.960464477539063e-08
272,0.9462163824342728,0.05800641690585221,0.08157444854900059,0.005905479192733765,0.00887918472290039,0.1556720624436913,0.13809073882190967,0.17192906302880911,0.15775740872019023,-0.013257622718811035,5.960464477539063e-08
273,0.9267393343682713,0.04026614146708024,0.08111207699661643,0.0049507878720760345,0.008493542671203613,0.15457124032947744,0.1293716642768487,0.1709552494881041,0.1499661823793776,-0.013257622718811035,1.1920928955078125e-07
274,1.0204613931743363,0.13002208530912215,0.07798599037287375,0.016920626163482666,0.008101493120193481,0.16533342784825006,0.12137908360251662,0.18131540858864,0.14290488450521377,-0.013257622718811035,5.960464477539063e-08
275,0.9967119528573534,0.04779481386036754,0.08062609061929153,0.005552500486373901,0.008364289999008179,0.1628270549851284,0.11357403748236099,0.1788277348122857,0.1360802761204255,-0.013257622718811035,1.1920928955078125e-07
276,1.0151668261588367,0.029681163126172437,0.08568705995798973,0.0037465430796146393,0.009090155363082886,0.1653048352851292,0.106110697445965,0.18119194891107507,0.12958185790768836,-0.013257622718811035,1.1920928955078125e-07
277,1.0213772944130568,0.04164033329160347,0.08375621495675957,0.005615756846964359,0.008880555629730225,0.1628224177066098,0.09971690103961285,0.1787828856690794,0.12386387837324773,-0.013257622718811035,5.960464477539063e-08
278,1.0678620582727663,0.052693638689859226,0.07815352442193436,0.00497204065322876,0.008442506194114685,0.1641574651760935,0.09535867048163937,0.1801805140226381,0.11990006378813897,-0.013257622718811035,1.1920928955078125e-07
279,1.1619402058925052,0.08810037070950336,0.07935182749006221,0.011411011219024658,0.008781850337982178,0.17169435731335242,0.09269323450664253,0.18734685709374027,0.11722942828460865,-0.013257622718811035,1.1920928955078125e-07
280,1.2331973619284158,0.10823296281913367,0.07838980129921753,0.01186911016702652,0.008604265749454498,0.17618362971869778,0.09197919022938351,0.19180205925203914,0.1160089363160209,-0.013257622718811035,5.960464477539063e-08
281,1.3245416012273572,0.07508851521614517,0.07166171610606711,0.011072888970375061,0.008020810782909393,0.18234561736099086,0.09267261124089295,0.19773076638197534,0.11585231840059784,-0.013257622718811035,5.960464477539063e-08
282,1.4087107787713469,0.11506126632482451,0.0632890364251518,0.014929980039596558,0.007154885679483414,0.1928716201797666,0.09406767790542649,0.20819869817457987,0.11637656072580772,-0.013257622718811035,1.1920928955078125e-07
283,1.4618712804139335,0.036414347807515665,0.055863144845658345,0.004346489906311035,0.006357476115226746,0.19290736436126468,0.09616085342455856,0.2081236950747084,0.11755309412487934,-0.013257622718811035,1.1920928955078125e-07
284,1.5830569307719522,0.1127372627401858,0.041397628663996024,0.014191493391990662,0.004563868977129459,0.19870839255507533,0.09762455861588253,0.213592085791857,0.11822402219734225,-0.013257622718811035,-5.960464477539063e-08
285,1.7398169065333273,0.2729204808656736,0.03644085897958192,0.03344517946243286,0.003857748582959175,0.2110671328932673,0.09846909284024498,0.22612485528691773,0.11883929195319635,-0.013257622718811035,1.1920928955078125e-07
286,1.8288747830912289,0.1320325580345241,0.02120638582303073,0.02031123638153076,0.0026788711547851562,0.2179233871066971,0.09789834484939133,0.23319213141233477,0.1181273566795287,-0.013257622718811035,1.1920928955078125e-07
287,2.080047074679787,0.29022671114141235,0.018386797645681144,0.037113070487976074,0.0024607181549072266,0.23537531151227148,0.09699274396262413,0.2505847133282604,0.11707121477573516,-0.013257622718811035,1.1920928955078125e-07
288,2.1651348254221494,0.08191583485208155,0.020488281800308473,0.012841761112213135,0.0029914379119873047,0.24163275287817945,0.09512882026213575,0.25658479772894427,0.11504519017214529,-0.013257622718811035,-5.960464477539063e-08
289,2.377836299317354,0.2690556715955098,0.018852934004342816,0.03537660837173462,0.0029178857803344727,0.25123903451514484,0.0931456044940409,0.26599553135177406,0.1127932106202346,-0.013257622718811035,0.0
290,2.593979430586575,0.23875423488089248,0.021718321193566415,0.030897438526153564,0.0031578540802001953,0.26495039235014434,0.09111748899489967,0.2794222747568333,0.11047582101012116,-0.013257622718811035,1.1920928955078125e-07
291,2.6501949636779405,0.06359055427397727,0.020542973212174458,0.010233283042907715,0.003389596939086914,0.2705103678189563,0.08884010976582689,0.2848261405407289,0.10787753785959324,-0.013257622718811035,-5.960464477539063e-08
292,2.770832565077715,0.11878139730959156,0.02354255332261938,0.012412548065185547,0.003959298133850098,0.2751066703147697,0.08621273296309061,0.2890895990996882,0.10484602639556904,-0.013257622718811035,1.1920928955078125e-07
293,2.8373411575396674,0.0809839802641133,0.02445869407806115,0.007790684700012207,0.004221677780151367,0.2740922523892958,0.08349677581835142,0.28792076628919505,0.10173701585830419,-0.013257622718811035,1.1920928955078125e-07
294,2.9193321156627943,0.08146936845196168,0.02563571982890683,0.010987550020217896,0.0044023990631103516,0.279668103557524,0.08059318481289121,0.2933740675245482,0.0983370809996224,-0.013257622718811035,5.960464477539063e-08
295,2.9993201040965083,0.09142894334798239,0.024514630929184083,0.011178851127624512,0.004319906234741211,0.2746100055256654,0.07778261502726257,0.288536577491544,0.09502648677204299,-0.013257622718811035,5.960464477539063e-08
296,3.174986756904469,0.1750880017208007,0.027976496760596777,0.018436193466186523,0.0047948360443115234,0.2834889231449714,0.0748213775901712,0.2973796475967259,0.09160767030758968,-0.013257622718811035,1.1920928955078125e-07
297,3.190919193324494,0.0625785090442824,0.024376111399068374,0.00742030143737793,0.004451870918273926,0.28196659412935354,0.07190918551017944,0.2958647169187517,0.08813894323357162,-0.013257622718811035,1.1920928955078125e-07
298,3.2505450933560605,0.08822549461642688,0.025000992090407247,0.011698365211486816,0.004466056823730469,0.28199950594050305,0.0689811140812846,0.29590998599643287,0.08460647275982663,-0.013257622718811035,1.1920928955078125e-07
299,3.283094627693034,0.055864810555579604,0.022452509475807007,0.008432984352111816,0.004204154014587402,0.28258149295093654,0.06608264439580071,0.29635458807470916,0.08114157346321298,-0.013257622718811035,1.1920928955078125e-07
300,3.3263575033873085,0.07824735177717561,0.020330988817229962,0.01165860891342163,0.0037398338317871094,0.2770922671386357,0.06344813748693946,0.2911894127679942,0.07800774632186636,-0.013257622718811035,5.960464477539063e-08
