policy_step,action_l2_rgb_minus_bgr,bgr_left_gripper_m,rgb_left_gripper_m,bgr_surface_distance_m,rgb_surface_distance_m,bgr_alignment_error_m,rgb_alignment_error_m,bgr_coin_z_delta_m,rgb_coin_z_delta_m,bgr_tracking_error,rgb_tracking_error
1,0.07789792838711429,0.04398283734917641,0.04399934783577919,0.13384621127634658,0.13139251342606564,0.14466149593942987,0.14497991754557346,5.960464477539063e-08,5.960464477539063e-08,0.011339578777551651,0.013984467834234238
2,0.08183816489185688,0.04397821053862572,0.043998342007398605,0.1339197821008511,0.12620066407471223,0.1455377825107804,0.14164036065193145,5.960464477539063e-08,5.960464477539063e-08,0.009018491953611374,0.011081226170063019
3,0.1075938619985926,0.04398598149418831,0.04399999976158142,0.13074978060859146,0.11863835192600868,0.14368096404843655,0.13666964775063317,1.1920928955078125e-07,1.1920928955078125e-07,0.010232269763946533,0.01647992432117462
4,0.15917898391206756,0.043996863067150116,0.04399999976158142,0.12821483378979714,0.11167123330787362,0.1428116083499899,0.13205532580826568,5.960464477539063e-08,5.960464477539063e-08,0.012700676918029785,0.02078300714492798
5,0.2355905408378384,0.04399619996547699,0.04399999976158142,0.1257691974831604,0.10662717079522446,0.14123832443514972,0.12833050259598636,1.1920928955078125e-07,1.1920928955078125e-07,0.026639968156814575,0.0352708101272583
6,0.2819635698744657,0.04399999976158142,0.04399999976158142,0.1199724669548565,0.10078258889033082,0.13649355353820722,0.12169651043223029,-5.960464477539063e-08,-5.960464477539063e-08,0.02423495054244995,0.029135048389434814
7,0.41768393090148176,0.04399999976158142,0.04399999976158142,0.1178207640589403,0.09763692806607653,0.13487036019469922,0.11630689232766044,1.1920928955078125e-07,1.1920928955078125e-07,0.021954238414764404,0.045168936252593994
8,0.5227990791948848,0.04399999976158142,0.04399999976158142,0.10770851455698403,0.09540416347343879,0.12400527747807376,0.11046585346948025,1.1920928955078125e-07,1.1920928955078125e-07,0.033627867698669434,0.06582874059677124
9,0.6213795021538868,0.04399999976158142,0.04399999976158142,0.10253173409103564,0.09089730589534514,0.11787770148484665,0.09800775174375496,-5.960464477539063e-08,-5.960464477539063e-08,0.029902637004852295,0.07595932483673096
10,0.6350553324932549,0.04399999976158142,0.04399999976158142,0.09774861734647981,0.08219923783002583,0.10956374104622628,0.08749409457801582,1.1920928955078125e-07,1.1920928955078125e-07,0.024435043334960938,0.030809998512268066
11,0.7522221325835821,0.04399999976158142,0.04399999976158142,0.09223077555429615,0.07699156122137754,0.10586358356472143,0.07975216458676476,1.1920928955078125e-07,1.1920928955078125e-07,0.03151732683181763,0.08589613437652588
12,0.8004337472916352,0.04399999976158142,0.04399999976158142,0.0850542487487694,0.052717589573950535,0.09351225458049701,0.05700193185669382,1.1920928955078125e-07,1.1920928955078125e-07,0.02265632152557373,0.04215133190155029
13,0.8081428784314151,0.04399999976158142,0.04399999976158142,0.07766744518510983,0.038548306049507534,0.08272746124182163,0.040908074504613326,5.960464477539063e-08,5.960464477539063e-08,0.029071450233459473,0.03266894817352295
14,0.8471771207053069,0.04399999976158142,0.04399999976158142,0.0683684841428945,0.0338604860781338,0.072616371536675,0.03138263455345744,5.960464477539063e-08,5.960464477539063e-08,0.021395087242126465,0.022237777709960938
15,0.812297541178777,0.04398178309202194,0.0439925380051136,0.06740233355578049,0.031751198261911286,0.070235955838009,0.02671234370899362,5.960464477539063e-08,5.960464477539063e-08,0.009136676788330078,0.008049607276916504
16,0.7813785518020196,0.04399999976158142,0.04399999976158142,0.05073840158866069,0.03481630365467266,0.055930000735132976,0.018069082676255923,1.1920928955078125e-07,1.1920928955078125e-07,0.02601909637451172,0.024498581886291504
17,0.7957544406628675,0.04398095980286598,0.04398218169808388,0.04549504949506251,0.035351175265467424,0.051676341213227714,0.012858215458583006,1.1920928955078125e-07,1.1920928955078125e-07,0.008456110954284668,0.012649178504943848
18,0.7215275775733316,0.04270460456609726,0.04201626777648926,0.0420012620757676,0.034860169405058025,0.045537692514292814,0.01064247114721391,-5.960464477539063e-08,-5.960464477539063e-08,0.019520998001098633,0.009998798370361328
19,0.7142927456883881,0.041231170296669006,0.04004638269543648,0.036075099095117434,0.032296918686036145,0.04205405180094685,0.01108926008876325,1.1920928955078125e-07,1.1920928955078125e-07,0.005881667137145996,0.003759145736694336
20,0.7263599758180111,0.03833127021789551,0.036869440227746964,0.030769453139384166,0.02680017578868921,0.04003243508717342,0.015559120187422691,5.960464477539063e-08,5.960464477539063e-08,0.0065229060128331184,0.005170963704586029
21,0.7553840055906328,0.03582504391670227,0.03241962939500809,0.021217663714240165,0.021620817201444043,0.0381602068269333,0.014051433223249135,1.1920928955078125e-07,1.1920928955078125e-07,0.005513429641723633,0.008242964744567871
22,0.6843087403371851,0.032185014337301254,0.02777709998190403,0.01906259806373805,0.018235418611098873,0.03581333730766051,0.012679741807846763,1.1920928955078125e-07,1.1920928955078125e-07,0.013396143913269043,0.00741681270301342
23,0.6725782245251034,0.029508918523788452,0.02426358126103878,0.010022024956560332,0.013759276917712455,0.03509433346347237,0.015343603035273542,5.960464477539063e-08,5.960464477539063e-08,0.004490327090024948,0.005662174895405769
24,0.6923898998900996,0.02647418901324272,0.020477481186389923,0.010747492072066997,0.007824417250172628,0.03654880881431456,0.016549997553693914,1.1920928955078125e-07,1.1920928955078125e-07,0.004796678200364113,0.0061002327129244804
25,0.662739790841219,0.023720497265458107,0.016471222043037415,0.004266911008053609,0.007068673668136061,0.02990166772699895,0.01469804810755673,1.1920928955078125e-07,1.1920928955078125e-07,0.008739948272705078,0.006433594971895218
26,0.6654092988099836,0.02074006386101246,0.013111406937241554,0.010945677047071617,0.0030647116820123675,0.03442137270191576,0.009797911529097678,-5.960464477539063e-08,-5.960464477539063e-08,0.005643010139465332,0.00644307117909193
27,0.6474927316140813,0.01840381883084774,0.013084156438708305,0.0077500914681473175,0.0028181067541915928,0.03306727171002358,0.00956111307435183,1.1920928955078125e-07,1.1920928955078125e-07,0.009756427258253098,0.012364983558654785
28,0.679033606151386,0.01689816080033779,0.014567766338586807,0.01066761605387148,0.0029917299894579434,0.034810712343312934,0.007249209481544168,1.1920928955078125e-07,1.1920928955078125e-07,0.005919694900512695,0.010771598899737
29,0.7089015817156885,0.015316733159124851,0.01593325473368168,0.013161195989602222,0.0027817868194571454,0.03662345381327679,0.008813655963434423,1.1920928955078125e-07,1.1920928955078125e-07,0.010437726974487305,0.011161861475557089
30,0.6845231179537139,0.01369638741016388,0.013842280022799969,0.016004472721963803,0.002278069671405365,0.03840322786901937,0.0069351257625012985,1.1920928955078125e-07,1.1920928955078125e-07,0.0077435970306396484,0.010494567221030593
31,0.6994284573502936,0.013114131055772305,0.013458242639899254,0.017633774883850845,0.0020162678477122858,0.03950853406736507,0.006755442792482025,5.960464477539063e-08,5.960464477539063e-08,0.0018541812896728516,0.010824603727087379
32,0.6598296933059602,0.012434307485818863,0.011743463575839996,0.014129587907513418,0.00211041800646928,0.03565489477026006,0.0056801637926087315,1.1920928955078125e-07,1.1920928955078125e-07,0.006095767021179199,0.010589617071673274
33,0.6536099996398707,0.010436817072331905,0.012650578282773495,0.01628872749208115,0.0021122078805563844,0.03692331011409279,0.005658051830302515,1.1920928955078125e-07,1.1920928955078125e-07,0.004751801490783691,0.01094582467339933
34,0.7108392418331508,0.009667688980698586,0.010363582521677017,0.02151032552360595,1.9200683319236537e-05,0.040549394994052475,0.009335877224003792,1.1920928955078125e-07,-6.079673767089844e-06,0.009895086288452148,0.010776021284982562
35,0.7099741178049258,0.009077331982553005,0.006870069541037083,0.02112805361881794,3.0960440654831446e-05,0.040624892806611385,0.007748845878343493,0.0,0.00020956993103027344,0.005187511444091797,0.010436806594952941
36,0.7154599271866683,0.008388607762753963,0.004554112907499075,0.02522740398532708,1.597511955312554e-05,0.04449902719963366,0.008903902770224424,1.1920928955078125e-07,0.0006777048110961914,0.005463209003210068,0.009460506960749626
37,0.7170485578807579,0.007208194117993116,0.0018309993902221322,0.023507535774993805,3.7820470851469183e-05,0.042091948922348105,0.008983216673668418,1.1920928955078125e-07,0.001703023910522461,0.004419922828674316,0.009758671279996634
38,0.7244774231861771,0.00725579122081399,0.0009454935207031667,0.024214476873660063,2.4402746927411158e-05,0.0429075879540663,0.010956669107876764,0.0,0.0019901394844055176,0.00483548641204834,0.009521217783913016
39,0.7221091963946511,0.006831927224993706,0.0,0.03053765920004578,0.0013751534945327267,0.04899896530684485,0.017738044839500318,0.0,0.0020540356636047363,0.0048950910568237305,0.009093138389289379
40,0.7148208567173955,0.005290912929922342,0.0,0.0320172005387093,0.0037163379045551522,0.04989184419585308,0.020081664225074326,1.1920928955078125e-07,0.0022750496864318848,0.003524303436279297,0.009999999776482582
41,0.7416577127945752,0.0049973223358392715,0.0,0.034436229934768,0.008657491423297725,0.05210322445889939,0.0234941226471673,-5.960464477539063e-08,0.0021144747734069824,0.004627346992492676,0.009999999776482582
42,0.7515023995121036,0.004720222670584917,0.0,0.034637582831859366,0.010481705287131072,0.0521015507183542,0.022831778952522672,1.1920928955078125e-07,0.0018416047096252441,0.0026535987854003906,0.009999999776482582
43,0.7695923885643472,0.004360121674835682,0.0,0.040222715317485516,0.016513745948690265,0.05760256690638213,0.027912310896673433,1.1920928955078125e-07,0.0029279589653015137,0.00457419827580452,0.009999999776482582
44,0.7767146838967385,0.004867296665906906,0.0,0.04239998797995936,0.02229368008118377,0.059955110347938455,0.03358657962440159,5.960464477539063e-08,0.004164636135101318,0.004333905875682831,0.009999999776482582
45,0.779480759373708,0.005276469513773918,0.0,0.036825891506134904,0.0287444031904764,0.05454650246198794,0.03415293258528847,5.960464477539063e-08,-0.0025802254676818848,0.005567386746406555,0.009999999776482582
46,0.792661092658883,0.005524846725165844,0.0,0.04190648863179582,0.03796428108046054,0.059708182447877345,0.048930170761914686,0.0,-0.0083351731300354,0.005699276924133301,0.009999999776482582
47,0.8531572921027285,0.005796580109745264,0.0,0.04572379976622579,0.047201483892894906,0.06356018162372735,0.05650674263935521,1.1920928955078125e-07,-0.009224891662597656,0.007850289344787598,0.009999999776482582
48,0.8988812813631379,0.00584813067689538,0.0,0.04141667537069412,0.04421427907297547,0.058958350211490824,0.05272371228605359,5.960464477539063e-08,-0.009374141693115234,0.011829376220703125,0.009999999776482582
49,0.9253252915404427,0.005783765576779842,0.0,0.04067988352688362,0.05066147568073993,0.057736611790448825,0.060319502646225216,1.1920928955078125e-07,-0.00963205099105835,0.006750941276550293,0.009999999776482582
50,1.0385848934819586,0.006481687538325787,0.0,0.04362509264173741,0.051870694962375646,0.060432876824727304,0.06126417900999422,-5.960464477539063e-08,-0.00963515043258667,0.014879226684570312,0.009999999776482582
51,0.6666162573649804,0.013743971474468708,3.2358539669985475e-07,0.04585723721375155,0.06695491643586553,0.0694217777445376,0.07903219276934295,1.1920928955078125e-07,-0.009635627269744873,0.5511229038238525,0.030063867568969727
52,0.6365960977767926,0.017391853034496307,0.0,0.03934979679374243,0.06898398262003104,0.06510372628429423,0.08207140116852606,1.1920928955078125e-07,-0.009635627269744873,0.3767685890197754,0.016296133399009705
53,0.5940573568844406,0.017840629443526268,0.0,0.03834650578958281,0.06839124288109254,0.05502712249827504,0.08255269730859095,1.7881393432617188e-07,-0.009635090827941895,0.1897033452987671,0.01443508267402649
54,0.580100325644127,0.01805661804974079,0.0,0.05748212298404008,0.06872177021593373,0.07901558339783807,0.08424358557440315,1.1920928955078125e-07,-0.00963503122329712,0.03853785991668701,0.01150554046034813
55,0.581552378969995,0.016935523599386215,0.0,0.05959169740896214,0.0677241067772345,0.08117846727967427,0.08450663575242265,5.960464477539063e-08,-0.009635090827941895,0.005983114242553711,0.012704383581876755
56,0.5952489543398775,0.015476394444704056,0.0,0.060410664941726644,0.07305361096546964,0.081518192090963,0.09102508910235868,0.0,-0.00963503122329712,0.0025518834590911865,0.011827997863292694
57,0.6787424647286427,0.01374870352447033,0.0,0.06191239912117599,0.08085726604840578,0.08266035126276866,0.10009405902498046,1.7881393432617188e-07,-0.00963503122329712,0.004351690411567688,0.02394247055053711
58,0.6899094639771531,0.011357789859175682,0.0,0.06277804732217006,0.08875417045863668,0.08274810420101253,0.10823736405252449,0.0,-0.009635090827941895,0.0038551241159439087,0.012628316879272461
59,0.7983648881362225,0.009434637613594532,0.0,0.06308420366829158,0.1015294221672961,0.082373345708037,0.12118982813259678,1.1920928955078125e-07,-0.00963503122329712,0.0030872710049152374,0.02007460594177246
60,0.9080655911808054,0.007322745863348246,0.0,0.06422176134383466,0.11512290572815033,0.08276520222140513,0.13475394405525268,1.1920928955078125e-07,-0.009635090827941895,0.0033988230861723423,0.021701574325561523
61,1.0372762697689373,0.005923628341406584,0.0,0.06597666077082141,0.13073357970324548,0.08400182874938274,0.15013144988923757,-5.960464477539063e-08,-0.00963503122329712,0.0022755544632673264,0.024882197380065918
62,1.238323071716136,0.004512038081884384,0.0,0.06575239476684956,0.15513749087179335,0.08314632159118311,0.17437835018136968,1.1920928955078125e-07,-0.009635090827941895,0.0022798366844654083,0.03401589393615723
63,1.2863682483310193,0.0028211823664605618,0.0,0.06582131056568553,0.16457512085220044,0.0824274848542823,0.18381692830147645,1.1920928955078125e-07,-0.00963503122329712,0.003919132053852081,0.01268148422241211
64,1.4346584810539718,0.001419548294506967,0.0,0.06832037744568704,0.17731183908993695,0.08451051367173734,0.1966058673499898,1.1920928955078125e-07,-0.00963503122329712,0.002240182540845126,0.0261160209774971
65,1.558034206120112,0.00018585569341666996,0.0,0.07183538253626917,0.19214177532246152,0.08761169484244989,0.21137533498180824,1.1920928955078125e-07,-0.00963503122329712,0.003122091293334961,0.021182186901569366
66,1.6408326226446528,0.0,0.0,0.06988506782245589,0.20486426286355006,0.085596355549296,0.22409035956570925,5.960464477539063e-08,-0.00963503122329712,0.0036824941635131836,0.01862776279449463
67,1.832949283414249,0.0,0.0,0.07083848883947688,0.222164269169862,0.08680304404652646,0.2413045838792717,5.960464477539063e-08,-0.009635090827941895,0.0030565261840820312,0.026071295142173767
68,1.941146356000462,0.0,0.0,0.07237327257801615,0.23396148965832345,0.0885978059565178,0.25308506193736824,1.1920928955078125e-07,-0.00963503122329712,0.0036888374015688896,0.03139420226216316
69,2.0406696972797658,0.0,0.0,0.07249148094970341,0.24324321784068828,0.08885579362322527,0.2622999537498448,1.1920928955078125e-07,-0.00963503122329712,0.004537325352430344,0.029102880507707596
70,2.115590644329715,0.0,0.0,0.07432089902175995,0.2498746975254165,0.0908733406994845,0.26886743228305665,-5.960464477539063e-08,-0.00963503122329712,0.00417091092094779,0.02815818414092064
71,2.182180445963035,0.0,0.0,0.0750981491543925,0.2549146511101925,0.09171004338116669,0.2738454801959653,1.1920928955078125e-07,-0.00963503122329712,0.0037097842432558537,0.03499463573098183
72,2.2910263687996544,0.0,0.0,0.07656507335071233,0.26388600791330014,0.0933253099338874,0.2827038836383026,0.0,-0.009635090827941895,0.0038587949238717556,0.032029829919338226
73,2.323535843144464,0.0,0.0,0.07556933067866622,0.27046061136286687,0.09274307104372467,0.28924824938552407,5.960464477539063e-08,-0.009635090827941895,0.00485837459564209,0.03026469424366951
74,2.481790350725228,0.0,0.0,0.07770927893614663,0.27984838199403944,0.09484726304736732,0.2986846559769755,1.1920928955078125e-07,-0.00963503122329712,0.004136210307478905,0.041548632085323334
75,2.5108396521103873,0.0,0.0,0.07882898244433827,0.28313986316228507,0.0961894545738643,0.30196622658781913,1.1920928955078125e-07,-0.00963503122329712,0.003758072853088379,0.03897874802350998
76,2.5615783303304545,0.0,0.0,0.08075877751007915,0.28662723215230657,0.09802344578907113,0.3054226822458274,-5.960464477539063e-08,-0.009635090827941895,0.0034514295402914286,0.042830780148506165
77,2.614270122590926,0.0,0.0,0.08198023423609409,0.29158239366816435,0.09934048864532483,0.31036613446463734,1.1920928955078125e-07,-0.00963503122329712,0.0030748844146728516,0.042404305189847946
78,2.6991793813716582,0.00032242212910205126,0.0,0.0810358475184096,0.2978377968613403,0.09831435905564558,0.3165895398007308,1.7881393432617188e-07,-0.009635090827941895,0.003093242645263672,0.04342899098992348
79,2.6800147351647285,0.0009391888161189854,0.0,0.0828209037574814,0.2996436961823669,0.10008446585216069,0.31840178909185496,0.0,-0.009635090827941895,0.004569053649902344,0.03136906772851944
80,2.782687302761444,0.0018970401724800467,0.0,0.0823435884267185,0.3090810570988414,0.09960791128071836,0.32779146536624465,1.1920928955078125e-07,-0.00963503122329712,0.0025701820850372314,0.013600200414657593
81,2.815273577655021,0.0030428864993155003,0.0,0.08433979046760572,0.312823622594707,0.1016697736505412,0.33152102671791117,1.1920928955078125e-07,-0.009635090827941895,0.0030956268310546875,0.010318011045455933
82,2.8311179676618896,0.003406530013307929,0.0,0.085630407235689,0.31754597477984786,0.10299451240692208,0.3362215783063967,0.0,-0.009635090827941895,0.003122687339782715,0.006979994475841522
83,2.8644919543416454,0.005231590010225773,0.0,0.08487905054702227,0.31716702131353863,0.10208955157393124,0.3358432321378393,5.960464477539063e-08,-0.00963503122329712,0.003008604049682617,0.007507180795073509
84,2.893101680173317,0.005908051040023565,0.0,0.08514254471607562,0.3254918235180908,0.10222355408440416,0.3441089305119647,1.1920928955078125e-07,-0.00963503122329712,0.008370399475097656,0.010551944375038147
85,2.86550808031508,0.007379498798400164,0.0,0.0845538022848823,0.32716716003463103,0.10171930747864934,0.3457768040919455,5.960464477539063e-08,-0.00963503122329712,0.008214712142944336,0.01287698745727539
86,2.8153099877391528,0.009282705374062061,0.0,0.08700201783909634,0.32938855121911276,0.10411942141369465,0.34796087147798077,1.1920928955078125e-07,-0.00963503122329712,0.01286458969116211,0.012452766299247742
87,2.8488528592886686,0.01047427300363779,0.0,0.08625244825060166,0.3376808896487142,0.10365172002954018,0.3561563394391036,-5.960464477539063e-08,-0.00963503122329712,0.005326509475708008,0.013162761926651001
88,2.8070911648319754,0.010695483535528183,0.0,0.08475351055297227,0.3401570965658298,0.1022906076616265,0.35859469926478493,1.1920928955078125e-07,-0.00963503122329712,0.009842634201049805,0.032235682010650635
89,2.712441339721667,0.012146564200520515,0.0,0.08548838750508474,0.3445196304630392,0.10352882000219846,0.36286838455549375,0.0,-0.00963503122329712,0.027734041213989258,0.029784023761749268
90,2.7878807024869725,0.013222163543105125,0.0,0.08720315963067882,0.3490514928410677,0.10549194615145156,0.3673072469236824,1.1920928955078125e-07,-0.00963503122329712,0.01215982437133789,0.035297930240631104
91,2.709355367050143,0.013768564909696579,0.0,0.09098109490492395,0.3533435548581746,0.11082216855395496,0.3715431348565655,1.1920928955078125e-07,-0.00963503122329712,0.03147101402282715,0.035215675830841064
92,2.7259151008329967,0.0147830406203866,0.0,0.09185524130645006,0.35444833421864236,0.11249016462077467,0.37260617243567457,1.1920928955078125e-07,-0.00963503122329712,0.02008211612701416,0.02825295925140381
93,2.6551298944225974,0.015501273795962334,0.0,0.09978045566291738,0.3520644008234556,0.12143725367547427,0.3702320070569555,5.960464477539063e-08,-0.00963503122329712,0.032472431659698486,0.020570456981658936
94,2.5996514137898377,0.016672546043992043,0.0,0.1083985893048737,0.3556010502608669,0.13046523684794342,0.37369511085961193,1.1920928955078125e-07,-0.00963503122329712,0.03323709964752197,0.013605594635009766
95,2.6556093149519904,0.017248347401618958,0.0,0.11743572277849942,0.3527158553927418,0.13897131933968726,0.37082607015800745,5.960464477539063e-08,-0.00963503122329712,0.026128768920898438,0.027954578399658203
96,2.646354424369936,0.01798391155898571,0.0,0.1343245093432814,0.3552633560556411,0.1546075773420223,0.3733081398812864,1.1920928955078125e-07,-0.00963503122329712,0.033660709857940674,0.019055962562561035
97,2.668335984528599,0.01909615658223629,0.0,0.14046713384858867,0.35548851101757695,0.16008937941877596,0.37351146585701234,1.1920928955078125e-07,-0.00963503122329712,0.027204036712646484,0.0073877559043467045
98,2.661788145809524,0.019854774698615074,0.0,0.145224129156481,0.35444502292620617,0.16322367824002307,0.3724443841655738,5.960464477539063e-08,-0.00963503122329712,0.02181875705718994,0.00718235969543457
99,2.6297638210457257,0.020570233464241028,0.0,0.1565701001230806,0.353383851781338,0.17666829679250132,0.3714020464707458,5.960464477539063e-08,-0.009635090827941895,0.022821247577667236,0.007760047912597656
100,2.6696774995811374,0.021935490891337395,0.0,0.15511108061457488,0.3508721304550871,0.17681152114944493,0.3688959717322813,1.7881393432617188e-07,-0.00963503122329712,0.029529929161071777,0.005941207520663738
101,3.649739001359527,0.029127443209290504,9.798911378311459e-06,0.1380849342954705,0.3493626115401562,0.1604022915816542,0.3674741080686624,5.960464477539063e-08,-0.00963503122329712,0.49568378925323486,0.22159481048583984
102,3.696563178953236,0.03527479246258736,0.0,0.1199849012179505,0.34954628598655996,0.15063377553686952,0.3676312764375984,5.960464477539063e-08,-0.009635090827941895,0.3483808636665344,0.06313848495483398
103,3.7185279873440336,0.03900982066988945,0.0,0.11439464545137189,0.34928498518782697,0.1471823546253101,0.3673850889240558,5.960464477539063e-08,-0.00963503122329712,0.20847636461257935,0.010048151016235352
104,3.7325660101046587,0.041358787566423416,0.0,0.11009508402104135,0.3499367660926865,0.13242843334797713,0.368021321102132,1.7881393432617188e-07,-0.00963503122329712,0.05217856168746948,0.009131746366620064
105,3.744834040334368,0.0422758087515831,0.0,0.11147653747990158,0.35098413560773695,0.13231579934669374,0.3690663376455381,0.0,-0.00963503122329712,0.014054298400878906,0.009999999776482582
106,3.774394267932145,0.04280494526028633,0.0,0.10900158027740854,0.3522323184859544,0.12905161146610564,0.3703034492863311,5.960464477539063e-08,-0.00963503122329712,0.012886404991149902,0.009999999776482582
107,3.7580634195733875,0.043211452662944794,0.0,0.10843578927697951,0.35285210480975365,0.12881577644353207,0.37091796641286484,1.1920928955078125e-07,-0.00963503122329712,0.004035592079162598,0.009999999776482582
108,3.764089352394183,0.042425721883773804,0.0,0.10757758674122538,0.35254157872323694,0.12727739148891856,0.3706316701895113,1.1920928955078125e-07,-0.00963503122329712,0.009799599647521973,0.009999999776482582
109,3.7942213563240177,0.04205101355910301,0.0,0.10744487079823588,0.35341431558537584,0.12857431931731927,0.3714870007718804,5.960464477539063e-08,-0.009635090827941895,0.007887005805969238,0.009999999776482582
110,3.7649004319790818,0.04104797914624214,0.0,0.10589066659316886,0.3520615254947903,0.12481225881556078,0.37018479651806413,5.960464477539063e-08,-0.00963503122329712,0.008206605911254883,0.009999999776482582
111,3.7200623264836397,0.040408797562122345,0.0,0.10273779595975731,0.35072650821834006,0.12334343105510177,0.368883403449996,5.960464477539063e-08,-0.00963503122329712,0.004626907408237457,0.009999999776482582
112,3.7213874368248963,0.03934607654809952,0.0,0.10146283713357804,0.35013850853345097,0.12118043181604535,0.3682951724584278,-5.960464477539063e-08,-0.009635090827941895,0.0033735819160938263,0.009999999776482582
113,3.7464755932595177,0.03931593522429466,0.0,0.10047959521303648,0.3550614523492582,0.12048282970915605,0.3731204161632267,1.1920928955078125e-07,-0.00963503122329712,0.0026210881769657135,0.009999999776482582
114,3.758360093804204,0.0380050390958786,0.0,0.10035861017002896,0.3557376837665073,0.11994543071569023,0.3737819601916651,1.1920928955078125e-07,-0.00963503122329712,0.007946491241455078,0.009775901213288307
115,3.7110652248824207,0.03691459074616432,0.0,0.10173272811655854,0.35563339757421264,0.12229034430745832,0.3736796290245508,1.1920928955078125e-07,-0.00963503122329712,0.006610751152038574,0.008023912087082863
116,3.6684001940947653,0.035724543035030365,0.0,0.10045618035583567,0.3568170971437202,0.12009247086449548,0.37486247646560156,1.1920928955078125e-07,-0.00963503122329712,0.004578948020935059,0.006763730198144913
117,3.7041358181217445,0.03518892079591751,0.0,0.10042562631986572,0.35750463900234214,0.12020016540615434,0.37550921458177783,1.1920928955078125e-07,-0.00963503122329712,0.0026576463133096695,0.004713296890258789
118,3.6785398268980933,0.03427889570593834,8.779203199082986e-06,0.10028697507142763,0.35886647778451547,0.1195969559445235,0.3768739381190354,1.1920928955078125e-07,-0.009635090827941895,0.0036516189575195312,0.0038422346115112305
119,3.6789127008649753,0.03301497548818588,9.96262242551893e-05,0.10113944253353797,0.358497800755516,0.12148160154274207,0.37651145156238414,1.1920928955078125e-07,-0.009635090827941895,0.004245758056640625,0.00348055362701416
120,3.653075781876066,0.03206867352128029,0.00172150949947536,0.10149041739059327,0.35957819554694587,0.12327610698562821,0.377680566631066,5.960464477539063e-08,-0.00963503122329712,0.01011347770690918,0.004472136497497559
121,3.616260055089027,0.031088823452591896,0.0030639406759291887,0.10130744361137654,0.35805488456454637,0.12266686007594227,0.37617882134259273,1.1920928955078125e-07,-0.00963503122329712,0.005002379417419434,0.0023698806762695312
122,3.658341492101881,0.029812244698405266,0.003963137045502663,0.10326076314831618,0.35830412935987255,0.12440128521064603,0.3764423198310995,-5.960464477539063e-08,-0.009635090827941895,0.0037969350814819336,0.002472400665283203
123,3.6062897212030744,0.028708593919873238,0.005144124384969473,0.1022520568706875,0.3556739436348738,0.12246040756818917,0.373820694451742,1.1920928955078125e-07,-0.00963503122329712,0.0035933256149291992,0.0031489133834838867
124,3.6031438688141812,0.028117146342992783,0.006443087477236986,0.10124980854302307,0.35775903573114287,0.12310275413437224,0.3760272499806433,1.1920928955078125e-07,-0.00963503122329712,0.010538101196289062,0.0032767057418823242
125,3.554337234961919,0.02798367664217949,0.007572024129331112,0.10079494651854023,0.35475801698993303,0.12310942500529341,0.37289774558470956,5.960464477539063e-08,-0.00963503122329712,0.004653811454772949,0.005017638206481934
126,3.5026098632864584,0.02746526151895523,0.00881287083029747,0.10011403540891681,0.35245021131190496,0.12152065456203501,0.3705316764970134,1.1920928955078125e-07,-0.00963503122329712,0.002200821414589882,0.005950629711151123
127,3.463290871279434,0.027157943695783615,0.009846960194408894,0.10167636741906169,0.34941408609673846,0.12362760426830632,0.36740727785733873,1.1920928955078125e-07,-0.009635090827941895,0.002477884292602539,0.0059798359870910645
128,3.385463017263227,0.027437342330813408,0.011248470284044743,0.09886393784819276,0.3468408140091859,0.1208746750680448,0.3646919945575224,1.1920928955078125e-07,-0.00963503122329712,0.008042454719543457,0.006242632865905762
129,3.252586311076722,0.027007289230823517,0.012157173827290535,0.10103635736173608,0.3455429909583515,0.12478980114548019,0.36322792220951255,0.0,-0.00963503122329712,0.015365123748779297,0.009147882461547852
130,3.1318045369962566,0.027269843965768814,0.013159702531993389,0.09851493131141002,0.33801259899033737,0.12123435130470489,0.3559940935625387,1.1920928955078125e-07,-0.00963503122329712,0.006919980049133301,0.015089988708496094
131,2.9820075150894976,0.027485450729727745,0.014064639806747437,0.10021636708179951,0.33042990483967916,0.12443375560331618,0.3487118057555134,0.0,-0.00963503122329712,0.002686023712158203,0.016348838806152344
132,2.8991951447731306,0.027416586875915527,0.01476708147674799,0.09989500828018696,0.327295667874998,0.12409485377540935,0.345545885193877,-5.960464477539063e-08,-0.00963503122329712,0.007593274116516113,0.010374188423156738
133,2.7150125253961592,0.027155771851539612,0.015102865174412727,0.10201417916404343,0.3174087189897922,0.12641359406227667,0.33585296494391337,1.1920928955078125e-07,-0.009635090827941895,0.003969073295593262,0.021687865257263184
134,2.4688884707047842,0.027331320568919182,0.015747133642435074,0.1021579711952349,0.30698576034090286,0.1276086119165394,0.3254517388749457,1.1920928955078125e-07,-0.00963503122329712,0.015262603759765625,0.02213960886001587
135,2.3349685238071434,0.0272679403424263,0.016394037753343582,0.10153128396415335,0.2983021689393514,0.12660626553403054,0.31642951234225203,1.1920928955078125e-07,-0.00963503122329712,0.003505527973175049,0.016283750534057617
136,1.9762882041254397,0.02779591828584671,0.01656150631606579,0.10267052464034891,0.27215140656154146,0.1291262554754632,0.2893994069508393,1.1920928955078125e-07,-0.009635090827941895,0.01375126838684082,0.05856846272945404
137,1.5870504620597297,0.0275421142578125,0.017065932974219322,0.10160021034000945,0.2389665047340029,0.12747823637010333,0.2574842225980612,5.960464477539063e-08,-0.00963503122329712,0.002560339868068695,0.07189667224884033
138,1.4396585223784688,0.027147285640239716,0.017314279451966286,0.10211154759049626,0.2132460856297211,0.12784450526098412,0.23295534648324626,1.1920928955078125e-07,-0.00963503122329712,0.0029099583625793457,0.030979126691818237
139,1.34183309392519,0.027342073619365692,0.017159977927803993,0.1035583109531145,0.208236344877264,0.13025928568261466,0.2285129713327821,-5.960464477539063e-08,-0.009635090827941895,0.015757858753204346,0.011537432670593262
140,1.2475978603505051,0.027004433795809746,0.017450883984565735,0.1039142168423964,0.1890014267575713,0.12999478220661395,0.20980804682293394,1.1920928955078125e-07,-0.00963503122329712,0.004351833835244179,0.022205621004104614
141,1.109467727952848,0.027075128629803658,0.017228003591299057,0.10504703782106058,0.17160234965197366,0.13248916783388964,0.1931602594531095,1.1920928955078125e-07,-0.00963503122329712,0.014349222183227539,0.02518606185913086
142,0.982279276388654,0.027004793286323547,0.01746276393532753,0.1044150842210223,0.15746564049795717,0.13100503528727983,0.17895494174223325,1.1920928955078125e-07,-0.00963503122329712,0.009448111057281494,0.025186479091644287
143,0.9863987333602073,0.027321835979819298,0.017480473965406418,0.10714322486733203,0.14789348162560317,0.1349550598801168,0.1686690766259062,5.960464477539063e-08,-0.009635090827941895,0.004888975992798805,0.008017182350158691
144,1.0188908398280945,0.02780012972652912,0.01763240061700344,0.1078853172041389,0.1441781747573659,0.13547927442299662,0.1642643445336943,1.1920928955078125e-07,-0.009635090827941895,0.018758654594421387,0.009099245071411133
145,1.0224578894139027,0.02817557193338871,0.01754198595881462,0.10918609053158192,0.1468893746302567,0.13729275988370007,0.16363970635878422,1.1920928955078125e-07,-0.00963503122329712,0.005692660808563232,0.03447014093399048
146,1.0357102085001144,0.02804804965853691,0.017626941204071045,0.11334699851857749,0.14253722364268662,0.1407779868149445,0.15780324086536232,-5.960464477539063e-08,-0.00963503122329712,0.01189124584197998,0.0079193115234375
147,1.0613401684014045,0.0283056553453207,0.017747607082128525,0.1147102494313526,0.1428831438474142,0.1431473196811357,0.15609786434056808,1.1920928955078125e-07,-0.00963503122329712,0.007875053212046623,0.009010553359985352
148,1.0562507138132315,0.02789277955889702,0.018014654517173767,0.11423010844550155,0.1355459895034043,0.1409127771819369,0.14909734492336355,1.1920928955078125e-07,-0.00963503122329712,0.012739419937133789,0.011172652244567871
149,1.1689374497724756,0.02810903824865818,0.01855725236237049,0.11990123143047023,0.14069162248840922,0.14640668399203607,0.15264318869304233,1.1920928955078125e-07,-0.00963503122329712,0.01455676555633545,0.011598348617553711
150,1.2862500731104165,0.02878083661198616,0.018973173573613167,0.12506286077621087,0.13721729887988612,0.1496613279369518,0.14909769183225077,0.0,-0.00963503122329712,0.025531768798828125,0.006561458110809326
151,0.7375557141516446,0.034585848450660706,0.02685271017253399,0.1228342699336219,0.13927095156372948,0.14520850086839762,0.14792070334632132,0.0,-0.00963503122329712,0.48740386962890625,0.5312539339065552
152,0.6131884898212414,0.037871021777391434,0.031380049884319305,0.1181675162353871,0.13177892242787945,0.14026357783444446,0.1490858993396233,5.960464477539063e-08,-0.00963503122329712,0.36549878120422363,0.32479071617126465
153,0.488234105400162,0.03951429948210716,0.03314526006579399,0.11438066589597078,0.083948432829176,0.13426426883961645,0.09518118093460871,1.1920928955078125e-07,-0.00963503122329712,0.22691857814788818,0.11036789417266846
154,0.4408184451252321,0.040337882936000824,0.033024609088897705,0.10972425140159847,0.060845548219257875,0.12815462797484356,0.07192020466536714,5.960464477539063e-08,-0.00963503122329712,0.07780492305755615,0.015850067138671875
155,0.4019855975505688,0.040411077439785004,0.0318063423037529,0.10029176456712112,0.05651923606057919,0.11728576265057937,0.06990350559118785,5.960464477539063e-08,-0.00963503122329712,0.01842367649078369,0.009466290473937988
156,0.40483528495674115,0.04010438546538353,0.03042031079530716,0.09568675293886357,0.054664337470870676,0.11262857999736385,0.06970179781614098,5.960464477539063e-08,-0.009635090827941895,0.008480310440063477,0.0029615163803100586
157,0.4332621477412832,0.03995472192764282,0.028371717780828476,0.09341301997566007,0.05326278652847348,0.1103773966032731,0.07128769082843332,1.1920928955078125e-07,-0.009635090827941895,0.003876924514770508,0.009589791297912598
158,0.45517794918309973,0.03851151093840599,0.02641468495130539,0.0921235231360478,0.05234972407721549,0.1075938157681715,0.07168426581986945,1.1920928955078125e-07,-0.00963503122329712,0.008936405181884766,0.004928231239318848
159,0.47552623538832944,0.03756430745124817,0.02448163740336895,0.09062254243151595,0.051626434475544845,0.10660284699224137,0.07199218211029827,1.1920928955078125e-07,-0.00963503122329712,0.003000020980834961,0.0030776001513004303
160,0.47920435598268346,0.03618605062365532,0.023150954395532608,0.08843378200093029,0.05155097528451383,0.10229501023274358,0.07284005806442792,5.960464477539063e-08,-0.00963503122329712,0.005900859832763672,0.0035676956176757812
161,0.504312030308334,0.03536092862486839,0.021758919581770897,0.08707316991514759,0.053846939916334616,0.10219095340955296,0.07483502635287484,1.1920928955078125e-07,-0.00963503122329712,0.003481335937976837,0.004197359085083008
162,0.5022978470315406,0.034151673316955566,0.02052052691578865,0.0844219847298083,0.052233003568482844,0.09881692373699998,0.07415086595411545,1.1920928955078125e-07,-0.00963503122329712,0.004267280921339989,0.0038973093032836914
163,0.517455737844836,0.033692531287670135,0.019432635977864265,0.08347518771315142,0.0517822308970504,0.09700697300053066,0.07359760288894933,5.960464477539063e-08,-0.00963503122329712,0.003404855728149414,0.00462186336517334
164,0.5248600309105718,0.032028112560510635,0.01824122481048107,0.08379884134218162,0.05454081786076306,0.0976201166792102,0.07628302000150528,1.1920928955078125e-07,-0.00963503122329712,0.0049397945404052734,0.0019053146243095398
165,0.5266558549268656,0.030641427263617516,0.017170894891023636,0.08636762275132912,0.05587052635241026,0.10065643713483174,0.07732863614457393,1.1920928955078125e-07,-0.00963503122329712,0.004601240158081055,0.004337191581726074
166,0.5173424408627695,0.029447022825479507,0.016535544767975807,0.08400745258329398,0.05367658896180373,0.09787760872256121,0.07578121815020095,-5.960464477539063e-08,-0.009635090827941895,0.0037137269973754883,0.003954768180847168
167,0.5209926180122095,0.028833890333771706,0.01614742912352085,0.08439106916253375,0.05613574780469383,0.09855041955116017,0.07761493279778996,1.1920928955078125e-07,-0.00963503122329712,0.0022515058517456055,0.0033380985260009766
168,0.5313610708611547,0.027862776070833206,0.015350994653999805,0.08498369204268885,0.05641365900519475,0.09877927857779423,0.07790877886143412,1.1920928955078125e-07,-0.009635090827941895,0.003301262855529785,0.0013110516592860222
169,0.5130574711247942,0.026397187262773514,0.014656960032880306,0.08632801753794998,0.05706116153614408,0.10054464899801968,0.07824730544365803,5.960464477539063e-08,-0.009635090827941895,0.004166960716247559,0.0035327672958374023
170,0.49071361198194635,0.02551281824707985,0.014273137785494328,0.08812483838742532,0.058648260942045706,0.102789151257753,0.07940691993594651,1.1920928955078125e-07,-0.00963503122329712,0.006183505058288574,0.002918243408203125
171,0.47380747099775283,0.024653442203998566,0.014007095247507095,0.0885209897996803,0.05875990747999384,0.10294391242196196,0.07954427376279995,1.7881393432617188e-07,-0.009635090827941895,0.003998756408691406,0.0016503334045410156
172,0.4870048606902437,0.023589080199599266,0.01362534798681736,0.09077389815861919,0.06066764503408738,0.10508819365050447,0.08094666172481235,-5.960464477539063e-08,-0.009635090827941895,0.0032607316970825195,0.003237009048461914
173,0.47269472947549496,0.022752495482563972,0.013343555852770805,0.08909611029094701,0.05882209677667205,0.10355378315175602,0.07944749510216591,5.960464477539063e-08,-0.00963503122329712,0.003047347068786621,0.0034712553024291992
174,0.46851569475949734,0.021997325122356415,0.012782136909663677,0.09048857797894279,0.06061288950096368,0.1048997143112985,0.08097392345226381,1.1920928955078125e-07,-0.009635090827941895,0.007132411003112793,0.0033921003341674805
175,0.45231750981147617,0.02191328816115856,0.012441480532288551,0.08876065034059849,0.0600704254754311,0.10321969014980553,0.07991546020782202,1.1920928955078125e-07,-0.00963503122329712,0.004115939140319824,0.0013571132440119982
176,0.4568039506774964,0.021562034264206886,0.012346084229648113,0.08992214093356792,0.0594691120424832,0.10396244834684336,0.07951432891919723,-5.960464477539063e-08,-0.00963503122329712,0.00467681884765625,0.0029059648513793945
177,0.4532234132232459,0.02129017934203148,0.012109866365790367,0.09057345881593007,0.060637434422752726,0.10465459387580742,0.08025383613181782,1.1920928955078125e-07,-0.00963503122329712,0.0025976896286010742,0.0028191804885864258
178,0.45506869931212546,0.021684076637029648,0.011930153705179691,0.08968308271204714,0.06252796341413389,0.10391430213883007,0.08217381692298657,1.7881393432617188e-07,-0.00963503122329712,0.002605956047773361,0.0016200542449951172
179,0.40726521678698313,0.021589353680610657,0.01207740418612957,0.09134680080396816,0.06169123974426497,0.10569619697825489,0.08089353907703482,1.1920928955078125e-07,-0.00963503122329712,0.010643243789672852,0.0028122663497924805
180,0.42443649287696933,0.02204635925590992,0.012006030417978764,0.09262175842436295,0.06329403609265309,0.10656542582513094,0.08262330828316966,5.960464477539063e-08,-0.00963503122329712,0.0041887760162353516,0.0023691654205322266
181,0.4158003407452218,0.022460728883743286,0.011916017159819603,0.09402926770312522,0.06469344138175229,0.10851854819289324,0.08345893271743234,5.960464477539063e-08,-0.00963503122329712,0.002552032470703125,0.0025531351566314697
182,0.412383493192496,0.02260933630168438,0.011871757917106152,0.09311523009136385,0.06639491115365952,0.10757614532214448,0.08481010295780453,1.1920928955078125e-07,-0.009635090827941895,0.0037546157836914062,0.0037887096405029297
183,0.421177332211932,0.022627830505371094,0.011638890951871872,0.09601482883082094,0.06680142977632227,0.11035899889042475,0.08530475441389346,-5.960464477539063e-08,-0.00963503122329712,0.0028151273727416992,0.0023807883262634277
184,0.3880082328866662,0.022997265681624413,0.011689802631735802,0.09483852280854099,0.07066814367195239,0.10970047325712866,0.08812669226355077,0.0,-0.00963503122329712,0.009806811809539795,0.007181048393249512
185,0.40477737137433023,0.0235251784324646,0.011725532822310925,0.09633900221078492,0.06909668453902451,0.11102020743703436,0.0868980825862646,1.1920928955078125e-07,-0.00963503122329712,0.007193446159362793,0.0027468204498291016
186,0.39892422646243664,0.024122154340147972,0.011739182285964489,0.09826131278705312,0.0747966366306151,0.11363560261386844,0.09154490251686878,1.1920928955078125e-07,-0.00963503122329712,0.009688854217529297,0.0070133209228515625
187,0.3831083975124693,0.02405860647559166,0.012003789655864239,0.09727696552601107,0.0731904642777192,0.11246061549205029,0.09007430526038386,5.960464477539063e-08,-0.00963503122329712,0.006376504898071289,0.0024716854095458984
188,0.39959535899629,0.024203715845942497,0.012016710825264454,0.09664103699511667,0.07326512269627848,0.11246073424430283,0.09049828201142635,1.1920928955078125e-07,-0.009635090827941895,0.0047533512115478516,0.0017327666282653809
189,0.4056462594612968,0.024833736941218376,0.012317690998315811,0.09651793313207085,0.07722054078111815,0.11274737526054314,0.09390243554743397,0.0,-0.00963503122329712,0.010567188262939453,0.0065520405769348145
190,0.40993371889118435,0.024820715188980103,0.012218630872666836,0.09747298296701716,0.0781333859089677,0.11379704255031149,0.0942304498530954,1.1920928955078125e-07,-0.00963503122329712,0.0036025047302246094,0.0034186840057373047
191,0.44437485320009823,0.025207143276929855,0.012094549834728241,0.09803362445113113,0.07913386686644769,0.11543490828799606,0.0950600959675968,5.960464477539063e-08,-0.00963503122329712,0.013915479183197021,0.006319701671600342
192,0.4541950772609826,0.02548087015748024,0.012461133301258087,0.09689649299462316,0.08227683569304337,0.11346459396513184,0.09803359754891723,1.1920928955078125e-07,-0.00963503122329712,0.011560916900634766,0.005848944187164307
193,0.47687311441395164,0.025910284370183945,0.012950995936989784,0.10115639033634824,0.08767661895158896,0.11910014210582211,0.10266999006788012,-5.960464477539063e-08,-0.00963503122329712,0.011238813400268555,0.007445991039276123
194,0.4925315503269991,0.026477020233869553,0.013366097584366798,0.1004445805375404,0.09034203972659438,0.11886321712253513,0.10504595320902724,1.1920928955078125e-07,-0.00963503122329712,0.015469253063201904,0.011295735836029053
195,0.5573932981630852,0.02678881771862507,0.013455127365887165,0.10029614886278733,0.09212679221172665,0.11957597402824835,0.10641427967566162,1.1920928955078125e-07,-0.00963503122329712,0.009836256504058838,0.00443422794342041
196,0.5672947072111901,0.027057575061917305,0.013753602281212807,0.10217947904594435,0.09764338360267283,0.12151619073138946,0.11137294687245132,1.1920928955078125e-07,-0.00963503122329712,0.01197052001953125,0.009755373001098633
197,0.5798601386104343,0.02739214524626732,0.014747590757906437,0.10469291440974413,0.0980615543092999,0.12523974023730305,0.11059045750156851,5.960464477539063e-08,-0.00963503122329712,0.007513642311096191,0.002925872802734375
198,0.5516462177738947,0.02753600664436817,0.015308154746890068,0.10458057312827398,0.10305331190087152,0.12436580343318109,0.11489075405756083,5.960464477539063e-08,-0.00963503122329712,0.014281868934631348,0.01942002773284912
199,0.6392860110909173,0.027914250269532204,0.01573428139090538,0.10717636204023763,0.10770450170599129,0.12791747676117757,0.1194851007394615,1.1920928955078125e-07,-0.00963503122329712,0.0155964195728302,0.006968080997467041
200,0.716026156602934,0.028598403558135033,0.016892170533537865,0.11022621184386087,0.10675239824379489,0.13063852174215962,0.11785619649072356,1.1920928955078125e-07,-0.00963503122329712,0.02673429250717163,0.014817953109741211
201,0.8227773675630112,0.03504127264022827,0.024527015164494514,0.11618206761972154,0.10181866085852696,0.1298392669681212,0.10876274888966107,1.1920928955078125e-07,-0.00963503122329712,0.46595728397369385,0.7828495502471924
202,0.8175254057273421,0.03875342383980751,0.032002706080675125,0.11728580267848351,0.1006769276142589,0.1280779708917555,0.10478431218544897,1.1920928955078125e-07,-0.00963503122329712,0.3012683391571045,0.6019843816757202
203,0.8043407340545714,0.040926944464445114,0.03669368103146553,0.1143357033118142,0.09196766297952304,0.12493141797054953,0.0972198519451864,1.1920928955078125e-07,-0.00963503122329712,0.1451740264892578,0.4247608184814453
204,0.8233297962452751,0.042227454483509064,0.03938858211040497,0.10356163850066748,0.059369729399668884,0.11216628437046698,0.058697551240994246,0.0,-0.009635090827941895,0.02868020534515381,0.2353677749633789
205,0.866003121706417,0.04232353717088699,0.03994949907064438,0.10118942956880753,0.051360814522142625,0.10963056428120209,0.04855024936581843,5.960464477539063e-08,-0.00963503122329712,0.0048350803554058075,0.07294571399688721
206,0.8622695818524359,0.042046982795000076,0.038852933794260025,0.09732877610274482,0.046217043822380975,0.1053296437692554,0.0429393244088287,1.7881393432617188e-07,-0.00963503122329712,0.006246447563171387,0.014243483543395996
207,0.9166314218074824,0.04166452959179878,0.03724336996674538,0.09666605362802028,0.045022518015974886,0.10505960611750355,0.044612814186785005,1.1920928955078125e-07,-0.00963503122329712,0.002768414095044136,0.008608102798461914
208,0.8864091056304987,0.040139295160770416,0.03466658666729927,0.09315278768170093,0.041004329606254365,0.10115706276687284,0.040752718510325,0.0,-0.00963503122329712,0.005568146705627441,0.004260281100869179
209,0.9287793610779309,0.039360567927360535,0.03194914385676384,0.0913062770776944,0.03590691536960254,0.09934767646829933,0.037935819389522576,5.960464477539063e-08,-0.00963503122329712,0.0032929647713899612,0.00450587272644043
210,0.9159799707120063,0.037980154156684875,0.029336657375097275,0.08693617946737868,0.03259550204290739,0.0963031049062521,0.03677031649386446,1.7881393432617188e-07,-0.009635090827941895,0.0040569305419921875,0.004166664555668831
211,0.9324120167500449,0.03715767711400986,0.02672782726585865,0.08804712734138184,0.03086651597071212,0.09630298054813106,0.036954117669283575,-5.960464477539063e-08,-0.00963503122329712,0.002754220739006996,0.004205841571092606
212,0.9553394143987278,0.03627721220254898,0.024264968931674957,0.08385557636639003,0.027405910589241286,0.09264743320349898,0.03486613481750003,1.1920928955078125e-07,-0.00963503122329712,0.005447234958410263,0.003958072513341904
213,0.9475128270395852,0.03581346198916435,0.021501868963241577,0.07923153719588566,0.022769037218101206,0.08940939483443154,0.033031685380656206,1.1920928955078125e-07,-0.00963503122329712,0.003116607666015625,0.004492904990911484
214,0.9454134296916137,0.034270480275154114,0.018678652122616768,0.07996891058687179,0.021846400009219103,0.09116469626219263,0.033824475872542524,1.1920928955078125e-07,-0.00963503122329712,0.0039130449295043945,0.004512143321335316
215,0.9672378196610342,0.032830554991960526,0.016419358551502228,0.08165280121948508,0.0231583018494074,0.09345299048164062,0.035475845331689744,5.960464477539063e-08,-0.009635090827941895,0.004714369773864746,0.0036065317690372467
216,0.961384321758657,0.03159333020448685,0.014333398081362247,0.07875758449949209,0.01878175201981391,0.09181617931076955,0.03161262238204657,5.960464477539063e-08,-0.00963503122329712,0.004188871011137962,0.0033490872010588646
217,0.9787701822244498,0.030850673094391823,0.012680454179644585,0.07969551750457803,0.02158720090405187,0.09280567420221511,0.03444694270388326,1.1920928955078125e-07,-0.009635090827941895,0.0031838417053222656,0.00298154354095459
218,0.9765446636287402,0.02984686754643917,0.0107233552262187,0.07981787572862885,0.023218082301818467,0.093622841347316,0.03565135344360449,1.1920928955078125e-07,-0.00963503122329712,0.0031485557556152344,0.003159038722515106
219,0.9803394767407279,0.028366493061184883,0.009064990095794201,0.07991539357715309,0.023493147457582308,0.0943081482374246,0.03562854789783176,1.1920928955078125e-07,-0.00963503122329712,0.002924323081970215,0.0033326782286167145
220,1.031794509253215,0.02737324871122837,0.007540018763393164,0.08387777135663133,0.0269390444037783,0.09740751095859893,0.03882351406425805,1.1920928955078125e-07,-0.00963503122329712,0.007875502109527588,0.004491470754146576
221,1.030674246076595,0.026346934959292412,0.006703345570713282,0.08395989649374223,0.03033290317710168,0.09849040872557006,0.04215247063098727,1.1920928955078125e-07,-0.00963503122329712,0.003421187400817871,0.005943629890680313
222,1.0327205665867996,0.02531980164349079,0.004934370052069426,0.08361712369838335,0.03072187279069471,0.09847877523341496,0.04215792130890588,-5.960464477539063e-08,-0.00963503122329712,0.002939462661743164,0.0036878399550914764
223,1.0409826820854218,0.02451104111969471,0.004130943678319454,0.08238433374633773,0.0298070108216764,0.09723067556389237,0.041176579270416895,1.1920928955078125e-07,-0.009635090827941895,0.0039615631103515625,0.010023076087236404
224,1.0519719794843385,0.023509742692112923,0.0022574414033442736,0.08490973963898947,0.03342051343202379,0.10010522074868942,0.04380502468289894,1.1920928955078125e-07,-0.00963503122329712,0.005070328712463379,0.004625864326953888
225,1.063954149288117,0.023180970922112465,0.0013072584988549352,0.08318064184856096,0.03524189127957992,0.09819871667840434,0.04576507013050338,1.1920928955078125e-07,-0.00963503122329712,0.0030645132064819336,0.006634045392274857
226,1.070049242313908,0.022829944267868996,0.00017446622950956225,0.08410013335131321,0.03918109633021989,0.09945656303075683,0.049105660077535404,5.960464477539063e-08,-0.009635090827941895,0.0031031370162963867,0.004620831459760666
227,1.072119759091307,0.022462807595729828,0.0,0.08459091687535367,0.037971501039785006,0.09972159622090677,0.04774499183290622,5.960464477539063e-08,-0.00963503122329712,0.0018202103674411774,0.008696068078279495
228,1.1077339870719054,0.022536858916282654,0.0,0.08475923595452026,0.039913390259555044,0.09988216614735032,0.05022354979146176,1.1920928955078125e-07,-0.009635090827941895,0.0021425485610961914,0.007445748895406723
229,1.1414118319387834,0.02244477905333042,0.0,0.08874255119040314,0.04069486159228385,0.10298798658830743,0.05106189723127075,1.1920928955078125e-07,-0.009635090827941895,0.008491456508636475,0.006811525672674179
230,1.1626632628426585,0.022502774372696877,0.0,0.08921579055664221,0.04608650862225218,0.10401882089313666,0.056826341048879285,1.1920928955078125e-07,-0.00963503122329712,0.0030226707458496094,0.005900342017412186
231,1.1680659364572057,0.022723855450749397,0.0,0.09041577503567293,0.04828002356996711,0.10452910938308382,0.05895930844658142,1.1920928955078125e-07,-0.009635090827941895,0.0015791654586791992,0.0029607785400003195
232,1.164890684695093,0.02251088246703148,0.0,0.0909165166602591,0.04975601401181363,0.10483971378440218,0.06138681343020247,1.1920928955078125e-07,-0.00963503122329712,0.0047338008880615234,0.005372989922761917
233,1.1553224304672958,0.022408928722143173,0.0,0.09326662053706664,0.05329181809705391,0.10739052527441291,0.06525372970491411,5.960464477539063e-08,-0.009635090827941895,0.003493785858154297,0.004102595150470734
234,1.22270663544525,0.022395946085453033,0.0,0.09490906759676204,0.05531365138595168,0.10805526374210922,0.06784349205468583,5.960464477539063e-08,-0.00963503122329712,0.007853269577026367,0.005279816221445799
235,1.233118009034061,0.022538233548402786,0.0,0.09698672888443459,0.05748695143549929,0.11001227461872473,0.07012321259743591,1.1920928955078125e-07,-0.00963503122329712,0.006182074546813965,0.003705094801262021
236,1.2565729578491103,0.022856680676341057,5.4905555657569494e-08,0.10030325523295487,0.061824110807265686,0.11238084913135504,0.0757309073263526,0.0,-0.00963503122329712,0.010728716850280762,0.008532047271728516
237,1.261791434879317,0.022654948756098747,0.0,0.10000761743538046,0.05908063640058227,0.11207868544710428,0.07398145610846335,1.1920928955078125e-07,-0.00963503122329712,0.004521548748016357,0.00401461124420166
238,1.2568893168905435,0.0225773174315691,0.0,0.09998661682870025,0.06342360294907273,0.11216519075598214,0.07932806824631458,-5.960464477539063e-08,-0.00963503122329712,0.003129243850708008,0.00644838809967041
239,1.3014168402368869,0.022966887801885605,0.0,0.10074893328911844,0.06995667343215944,0.11375568894994371,0.08789883025087183,1.1920928955078125e-07,-0.00963503122329712,0.012430310249328613,0.013974428176879883
240,1.2782840013330814,0.022855501621961594,0.0,0.10110623409038152,0.08005746602328305,0.11396455961927542,0.09869825660376158,1.1920928955078125e-07,-0.00963503122329712,0.006038665771484375,0.012134432792663574
241,1.2874915528627704,0.023232659325003624,0.0,0.10259719858617747,0.09388113967938258,0.11655389268149365,0.11336516196532616,5.960464477539063e-08,-0.00963503122329712,0.010903358459472656,0.01876389980316162
242,1.33239863498077,0.02342185750603676,0.0,0.10196051874745937,0.10568734758833848,0.11530348122454216,0.12522063537549644,5.960464477539063e-08,-0.00963503122329712,0.016352057456970215,0.013614118099212646
243,1.3154430365573422,0.02362891659140587,0.0,0.10633486204879729,0.1200572743601112,0.12119426397018894,0.1396650236047205,5.960464477539063e-08,-0.00963503122329712,0.007555365562438965,0.013869285583496094
244,1.3249391445420564,0.024286119267344475,0.0,0.1072778954844577,0.14874632356391437,0.12341034413324721,0.16832600543309986,5.960464477539063e-08,-0.00963503122329712,0.01889592409133911,0.04084503650665283
245,1.3509885653666642,0.024433571845293045,0.0,0.10744367494527153,0.15411674690531563,0.12373612517295496,0.17365953133681677,5.960464477539063e-08,-0.00963503122329712,0.007391870021820068,0.0060454607009887695
246,1.3414376093886535,0.02434055134654045,0.0,0.11018857931315965,0.1868489519307949,0.12629677481150262,0.20597502109670454,1.1920928955078125e-07,-0.00963503122329712,0.01448214054107666,0.0668439269065857
247,1.3571140798570023,0.02478545531630516,0.0,0.11254068842406925,0.203736134166563,0.12952278979504211,0.22269346859882524,1.1920928955078125e-07,-0.00963503122329712,0.010445117950439453,0.02141439914703369
248,1.3500258364219806,0.02483450248837471,0.0,0.11225005423969137,0.22445987713828328,0.12833953199521642,0.24306875491710422,1.1920928955078125e-07,-0.00963503122329712,0.012716352939605713,0.05253034830093384
249,1.4152824151721082,0.02487069182097912,0.0,0.12045412871589654,0.25580922910758935,0.13668783915543287,0.2742302044621975,5.960464477539063e-08,-0.00963503122329712,0.01964479684829712,0.0520026758313179
250,1.4304919339196431,0.02558935061097145,2.1007242168025186e-08,0.12298138904390994,0.25719556188523285,0.13850157556453557,0.27542947032404946,5.960464477539063e-08,-0.009635090827941895,0.022929251194000244,0.0173494815826416
251,1.4014813664157624,0.03259693458676338,0.006484382785856724,0.11763574778346461,0.24180402955471522,0.13478486653789495,0.26199040434927384,0.0,-0.00963503122329712,0.4117865264415741,0.8496008962392807
252,1.2819781339316343,0.037328965961933136,0.010572405532002449,0.11566829693977655,0.21819805957241542,0.13243433601107746,0.24175196867403592,1.7881393432617188e-07,-0.009635090827941895,0.27415716648101807,0.6510317027568817
253,1.1900855307487679,0.0401955172419548,0.01255268044769764,0.1124284734321315,0.21370650690184967,0.12847227306767967,0.2394619759998153,5.960464477539063e-08,-0.00963503122329712,0.12970906496047974,0.44122326374053955
254,1.1210877559140269,0.041886430233716965,0.01404719240963459,0.10869398202864214,0.18138181878360163,0.12537462849417755,0.20675746873627665,5.960464477539063e-08,-0.00963503122329712,0.02853912115097046,0.22890889644622803
255,1.0687794928448895,0.04277995228767395,0.013777725398540497,0.10652870407705499,0.1477836382098464,0.12352314239640902,0.17087361767423911,0.0,-0.00963503122329712,0.010509371757507324,0.039606690406799316
256,1.0306524846500145,0.04320893436670303,0.013194303028285503,0.10186668494229689,0.14709541963330855,0.11733762846013086,0.1697743538826171,5.960464477539063e-08,-0.00963503122329712,0.013700246810913086,0.0067784786224365234
257,1.0154973048241012,0.043538909405469894,0.012126910500228405,0.10041011395160095,0.14753245393014808,0.11641787105670139,0.1691992690117347,1.7881393432617188e-07,-0.009635090827941895,0.004790306091308594,0.01158761978149414
258,0.9478819748717653,0.04239046946167946,0.011263282038271427,0.09942383661807735,0.14408361271317005,0.11365758505279748,0.16567004418126693,0.0,-0.009635090827941895,0.012175917625427246,0.0056673577055335045
259,0.9711625110274623,0.04179883375763893,0.009678351692855358,0.09826458855751295,0.14574801775648785,0.11343842506807743,0.16691966041233325,5.960464477539063e-08,-0.00963503122329712,0.003012418746948242,0.007347762584686279
260,0.9211659464199221,0.04042958840727806,0.008551260456442833,0.09694511214703805,0.1423544029746469,0.10922190559091685,0.16341602185335213,1.1920928955078125e-07,-0.00963503122329712,0.01123344898223877,0.0030945539474487305
261,0.9354670524308414,0.03965796157717705,0.007497391197830439,0.09347418609326548,0.1406889251680379,0.10749557105808658,0.16137859733986912,-5.960464477539063e-08,-0.00963503122329712,0.004286246374249458,0.006085216999053955
262,0.9216343941691474,0.038344305008649826,0.006308240815997124,0.09058808970140393,0.13785047136180975,0.10308894917342137,0.15812199057368873,1.1920928955078125e-07,-0.00963503122329712,0.004578256979584694,0.008818984031677246
263,0.9603875791671875,0.03800061717629433,0.0050614019855856895,0.08995249084144208,0.13551501072293162,0.10214861611008698,0.15555174762820637,1.1920928955078125e-07,-0.00963503122329712,0.0026839952915906906,0.003951698541641235
264,0.9334646245630607,0.03639591857790947,0.003935507033020258,0.09004495493966853,0.13575366579353673,0.10257816557899982,0.15565708208537182,1.1920928955078125e-07,-0.00963503122329712,0.006963372230529785,0.005862772464752197
265,0.9373962869967096,0.034990325570106506,0.0031031945254653692,0.09197594104856743,0.13592577842368195,0.10564893390066622,0.15568016488640218,-5.960464477539063e-08,-0.00963503122329712,0.005622148513793945,0.0037847161293029785
266,0.9144889883702182,0.03338406980037689,0.002755356952548027,0.09083511295725717,0.1357109949905154,0.10294528345256433,0.15539433804153427,1.1920928955078125e-07,-0.00963503122329712,0.006216764450073242,0.005811221897602081
267,0.9295835945996502,0.032440993934869766,0.0024634695146232843,0.09053044605464639,0.13266463151809488,0.10258410478394747,0.15221858627265564,1.1920928955078125e-07,-0.00963503122329712,0.0031962841749191284,0.007339395582675934
268,0.9238905309633525,0.03111145831644535,0.0018083273898810148,0.09104251270236101,0.13255089785468413,0.10241633919305149,0.15215547962761264,1.1920928955078125e-07,-0.00963503122329712,0.004568934440612793,0.005180239677429199
269,0.9069478316225238,0.029342878609895706,0.001661922549828887,0.09138913587617747,0.1334954028973734,0.10343767062454116,0.1530638732203456,5.960464477539063e-08,-0.00963503122329712,0.002862144261598587,0.003788590431213379
270,0.9380091443869838,0.028516724705696106,0.0014110015472397208,0.0920066215684351,0.14382125446210212,0.10539719869142543,0.163285832130366,1.1920928955078125e-07,-0.00963503122329712,0.009721517562866211,0.009641766548156738
271,0.9235618817089772,0.027294820174574852,0.0009661337244324386,0.09361171217164573,0.14038122929069796,0.10628085795877389,0.15992572343972655,5.960464477539063e-08,-0.00963503122329712,0.002879619598388672,0.0061620622873306274
272,0.9424763277746434,0.025892503559589386,0.0006380199920386076,0.0947727528657971,0.14845450697871815,0.10777740930533715,0.16792809641362919,5.960464477539063e-08,-0.00963503122329712,0.004765748977661133,0.0069594606757164
273,0.9520736253685403,0.02477385848760605,0.00032342979102395475,0.09397465965014463,0.1495860408787267,0.10692814443890673,0.16896887445620365,1.1920928955078125e-07,-0.00963503122329712,0.0040673017501831055,0.008146435022354126
274,0.9669962347324057,0.02366374246776104,0.0,0.09461775916784974,0.1515211268276704,0.10781220586673068,0.17090079849414136,5.960464477539063e-08,-0.00963503122329712,0.00624537467956543,0.006225749850273132
275,0.997865033910257,0.023215552791953087,0.0,0.09302855380770668,0.1568222356561775,0.10671906618971336,0.17625206555329462,1.1920928955078125e-07,-0.00963503122329712,0.0037932395935058594,0.005280971527099609
276,1.00849496530255,0.022711358964443207,0.0,0.09358127613996334,0.1578543187197266,0.10706818756081227,0.1773221522282189,1.1920928955078125e-07,-0.00963503122329712,0.0029679536819458008,0.004998147487640381
277,1.0180451424644026,0.022240454331040382,1.8580306004878366e-07,0.09422631674400879,0.15683866408564764,0.10804368952034292,0.1762006158707878,5.960464477539063e-08,-0.00963503122329712,0.0017147846519947052,0.009285539388656616
278,1.0493471922915647,0.022390522062778473,0.0,0.09279080423109812,0.16062529278894672,0.10633492620618001,0.18000514379479282,1.1920928955078125e-07,-0.00963503122329712,0.0037026405334472656,0.008137345314025879
279,1.0634593256885596,0.021981487050652504,0.0,0.09571117390686429,0.1647112628708101,0.10982491542875811,0.1840648694178475,1.1920928955078125e-07,-0.00963503122329712,0.01149904727935791,0.003498962614685297
280,1.167407742668276,0.022184504196047783,1.0554429081821581e-06,0.09556954459905403,0.17793086725983462,0.10903600356273221,0.19705864336908613,5.960464477539063e-08,-0.009635090827941895,0.004521608352661133,0.023275047540664673
281,1.1928833590849601,0.02240919880568981,0.0,0.09604522614130302,0.1829865349588963,0.1102533365888905,0.2021075092437991,5.960464477539063e-08,-0.00963503122329712,0.001675248146057129,0.004622668027877808
282,1.2709629860110088,0.02248959429562092,0.0,0.09637699128035856,0.19104189795873147,0.11118684789423268,0.21002553200802476,1.1920928955078125e-07,-0.00963503122329712,0.006219744682312012,0.016437649726867676
283,1.3322516536851317,0.022020703181624413,4.4442876401262765e-07,0.09910447726435001,0.20010044527153964,0.11350865474336053,0.2189240126408692,1.1920928955078125e-07,-0.00963503122329712,0.0047599077224731445,0.010799288749694824
284,1.3554123241936535,0.02215549722313881,0.0,0.09842672578258595,0.20269382893420343,0.11400523778331349,0.22159506539573381,-5.960464477539063e-08,-0.00963503122329712,0.014085531234741211,0.0047743916511535645
285,1.4892835603221073,0.021979566663503647,9.682217933004722e-05,0.0988037670396546,0.21451511334510173,0.11383157648264701,0.23310726917161084,1.1920928955078125e-07,-0.00963503122329712,0.004446983337402344,0.026896417140960693
286,1.5634646841406343,0.022331560030579567,5.8799978432944044e-05,0.1000881973187849,0.22500036613564278,0.11662447308700209,0.2435743403649037,1.1920928955078125e-07,-0.00963503122329712,0.0128401517868042,0.006496906280517578
287,1.672254290164739,0.021953130140900612,0.00018038987764157355,0.0988818857006151,0.23686661154134894,0.11536004728606401,0.25533653436283,1.1920928955078125e-07,-0.00963503122329712,0.0032427608966827393,0.023882508277893066
288,1.6196341517956094,0.021758880466222763,1.662672417523936e-07,0.09931664797754748,0.2345022385703278,0.11622957318256781,0.2529915182116578,-5.960464477539063e-08,-0.00963503122329712,0.00595402717590332,0.0098198801279068
289,1.7391268646220948,0.02215106040239334,2.0438767478481168e-07,0.09923996208603336,0.24114658515651163,0.11692850180382351,0.2596062125731178,0.0,-0.009635090827941895,0.013787269592285156,0.016807496547698975
290,1.8403401821076122,0.021801263093948364,4.443181467195245e-07,0.09945829623871333,0.2530687199224292,0.11683796845903649,0.2716467156492153,1.1920928955078125e-07,-0.00963503122329712,0.003619011491537094,0.019315004348754883
291,1.88451174168628,0.021960699930787086,1.1359692564383295e-07,0.09925149043289914,0.2599171841977764,0.1174435608248711,0.2785067397110364,-5.960464477539063e-08,-0.00963503122329712,0.012765169143676758,0.0073122382164001465
292,1.945757500950743,0.022051984444260597,3.939050657209009e-05,0.09798373110072431,0.2641355701557049,0.11530987564556704,0.2828886052344213,1.1920928955078125e-07,-0.00963503122329712,0.014157593250274658,0.013850510120391846
293,1.9956313539862762,0.022084366530179977,0.0003515483404044062,0.1005333620553076,0.2681855559019956,0.1189152680117865,0.2869574362011607,1.1920928955078125e-07,-0.00963503122329712,0.007274746894836426,0.00967872142791748
294,2.068240924119011,0.02264067903161049,0.0008350959978997707,0.10106942046360183,0.2753846946312852,0.12042772712935332,0.2942484625003154,5.960464477539063e-08,-0.00963503122329712,0.016418397426605225,0.014851361513137817
295,2.0623437293113036,0.022890111431479454,0.0016444234643131495,0.09999625102356842,0.27449120792157805,0.1199761516540379,0.293431139992185,5.960464477539063e-08,-0.009635090827941895,0.008417010307312012,0.01042892038822174
296,2.1902383632063764,0.0227978378534317,0.0007486220565624535,0.10202360675340878,0.2886723102060394,0.12214877808562763,0.3076857993072353,1.1920928955078125e-07,-0.00963503122329712,0.013733506202697754,0.0230749249458313
297,2.2094579570815194,0.023116521537303925,0.001165283378213644,0.10348840491474563,0.2873322855614114,0.12475168940331398,0.30640861773249756,1.1920928955078125e-07,-0.00963503122329712,0.0058937668800354,0.016852788627147675
298,2.235814602747826,0.022953497245907784,0.0016353129176422954,0.10172503458818032,0.29131570869541595,0.12174771827493218,0.31050746377750754,1.1920928955078125e-07,-0.00963503122329712,0.014117717742919922,0.019034230383113027
299,2.318546394473001,0.02331610582768917,0.0015565900830551982,0.10601187835837379,0.2958231034135055,0.12635362344729958,0.3150557989528037,1.1920928955078125e-07,-0.00963503122329712,0.017745286226272583,0.01906297355890274
300,2.3216171781301744,0.024194156751036644,0.0023891166783869267,0.11238584956313313,0.2924578890926843,0.1321445509170729,0.31182415512578465,5.960464477539063e-08,-0.00963503122329712,0.027080416679382324,0.013585120439529419
